12.6223, 51.8332, 48.9889 : 1253
13.1473, 45.7105, 46.8457 : 1254
13.4091, 51.1114, 51.8555 : 1255
13.4117, 47.1157, 51.474 : 1256
13.4349, 49.4999, 51.6522 : 1257
13.6196, 45.1573, 52.3948 : 1258
13.7968, 54.2595, 52.2713 : 1259
13.8231, 51.2271, 47.7117 : 1260
13.8807, 47.5944, 55.9948 : 1261
14.1075, 51.4222, 43.5044 : 1262
14.3112, 51.9486, 49.0439 : 1263
14.6511, 48.6109, 45.257 : 1264
14.7062, 48.2472, 47.5892 : 1265
14.7341, 46.1872, 42.4663 : 1266
14.7637, 47.3621, 49.4916 : 1267
14.798, 48.4135, 47.7455 : 1268
14.8323, 51.9203, 46.3451 : 1269
14.9784, 49.5267, 49.5483 : 1270
15.1096, 50.0164, 48.2296 : 1271
15.1601, 49.5503, 53.4565 : 1272
15.2441, 56.2196, 48.3763 : 1273
15.3573, 43.8995, 47.8981 : 1274
15.5129, 49.0171, 42.9764 : 1275
15.5498, 51.2019, 47.2466 : 1276
15.6212, 51.2206, 47.72 : 1277
15.6253, 47.3462, 51.5385 : 1278
15.6523, 46.7538, 55.6698 : 1279
15.7378, 49.587, 50.3862 : 1280
15.7419, 48.897, 47.0186 : 1281
15.7588, 50.3209, 49.7688 : 1282
15.7805, 51.7029, 49.5828 : 1283
15.7836, 51.9886, 51.842 : 1284
15.9123, 54.1316, 48.0258 : 1285
15.9559, 54.573, 51.6555 : 1286
15.9976, 49.1623, 51.5173 : 1287
16.0278, 50.3845, 46.2544 : 1288
16.0302, 50.3806, 52.0563 : 1289
16.0838, 46.5466, 48.9422 : 1290
16.1129, 48.3082, 43.964 : 1291
16.1773, 51.8309, 44.0816 : 1292
16.3697, 51.6184, 48.9654 : 1293
16.4117, 52.5437, 50.4941 : 1294
16.4147, 53.0661, 51.5464 : 1295
16.4579, 52.4439, 47.1932 : 1296
16.4739, 49.4711, 52.6637 : 1297
16.6451, 45.4855, 52.1025 : 1298
16.6904, 46.7757, 50.967 : 1299
16.7001, 49.3881, 50.4152 : 1300
16.7348, 45.6747, 44.0678 : 1301
16.8026, 50.6621, 53.5295 : 1302
16.8161, 46.7458, 52.0895 : 1303
16.8309, 46.6358, 51.1183 : 1304
16.8592, 47.5383, 47.8815 : 1305
16.9334, 48.1505, 52.8434 : 1306
16.9643, 52.9239, 49.8878 : 1307
16.982, 52.6724, 58.2989 : 1308
16.9917, 46.4694, 49.7356 : 1309
17.0025, 52.2867, 52.1562 : 1310
17.0414, 48.9724, 44.4231 : 1311
17.0569, 47.7569, 52.1686 : 1312
17.0724, 52.7843, 46.7148 : 1313
17.107, 48.757, 51.0116 : 1314
17.2224, 51.6103, 51.4005 : 1315
17.23, 51.0411, 53.6057 : 1316
17.2331, 51.8289, 48.6398 : 1317
17.2997, 46.9325, 47.494 : 1318
17.3475, 54.4616, 48.3485 : 1319
17.3509, 49.5876, 49.5613 : 1320
17.3544, 45.6214, 49.6789 : 1321
17.3838, 49.8261, 49.7419 : 1322
17.3882, 48.5469, 48.1112 : 1323
17.4033, 47.5912, 55.2678 : 1324
17.4212, 50.8002, 46.6671 : 1325
17.4589, 50.396, 49.4079 : 1326
17.5088, 52.4551, 46.435 : 1327
17.5866, 50.0105, 49.0464 : 1328
17.5898, 45.8733, 55.4093 : 1329
17.5905, 53.8202, 53.5863 : 1330
17.6008, 50.1588, 48.9978 : 1331
17.6049, 44.6829, 49.71 : 1332
17.6246, 45.0063, 48.6397 : 1333
17.6376, 50.5249, 50.9579 : 1334
17.6424, 48.817, 46.233 : 1335
17.6618, 45.3669, 48.8098 : 1336
17.717, 49.0585, 49.5624 : 1337
17.7344, 49.8857, 48.2602 : 1338
17.7692, 47.4808, 52.0987 : 1339
17.7766, 56.9716, 50.8985 : 1340
17.807, 50.018, 47.6115 : 1341
17.8145, 48.5956, 55.7564 : 1342
17.8387, 50.0907, 47.6935 : 1343
17.9124, 49.0221, 44.8 : 1344
17.9443, 49.02, 52.7547 : 1345
17.9984, 51.1625, 51.0193 : 1346
18.0091, 56.884, 50.0238 : 1347
18.0243, 49.6983, 53.6227 : 1348
18.0331, 51.965, 54.832 : 1349
18.0652, 49.4129, 55.0394 : 1350
18.0665, 50.0694, 45.5014 : 1351
18.076, 50.8421, 51.2231 : 1352
18.081, 45.5231, 53.0245 : 1353
18.2022, 54.3691, 57.5494 : 1354
18.2387, 46.1276, 48.1612 : 1355
18.2737, 47.8088, 45.5283 : 1356
18.2971, 50.9071, 48.6748 : 1357
18.3479, 50.5492, 46.81 : 1358
18.3652, 55.6561, 47.0359 : 1359
18.3888, 50.488, 44.8302 : 1360
18.4115, 52.5232, 49.8589 : 1361
18.4284, 50.3757, 51.2058 : 1362
18.4521, 53.3514, 49.4951 : 1363
18.4677, 49.7548, 46.9138 : 1364
18.4725, 52.1443, 47.2741 : 1365
18.5004, 53.6941, 53.7309 : 1366
18.5222, 54.3925, 49.2312 : 1367
18.5685, 54.2237, 51.9332 : 1368
18.639, 52.635, 49.0445 : 1369
18.6434, 57.4795, 52.0179 : 1370
18.6953, 44.3228, 46.896 : 1371
18.6993, 50.0083, 54.2366 : 1372
18.7273, 50.6529, 47.2169 : 1373
18.7447, 47.4151, 46.9507 : 1374
18.7546, 53.3652, 45.2275 : 1375
18.7664, 50.8635, 49.7424 : 1376
18.7712, 48.9933, 50.6578 : 1377
18.8038, 57.1579, 46.524 : 1378
18.8167, 47.3879, 51.2994 : 1379
18.8235, 43.7673, 47.0212 : 1380
18.8657, 47.7703, 54.481 : 1381
18.8741, 53.2918, 49.8748 : 1382
18.8915, 50.0507, 49.3077 : 1383
18.8973, 54.4951, 45.1641 : 1384
18.9232, 50.2554, 51.1457 : 1385
18.9464, 46.6897, 52.863 : 1386
18.9851, 50.7758, 54.2601 : 1387
18.9899, 50.1884, 51.9211 : 1388
19.0081, 54.4849, 50.935 : 1389
19.0304, 46.1914, 50.6786 : 1390
19.0485, 50.729, 44.8162 : 1391
19.0726, 50.511, 50.7403 : 1392
19.0937, 48.7089, 48.5838 : 1393
19.1053, 42.603, 51.5919 : 1394
19.1605, 48.0945, 49.2538 : 1395
19.1634, 50.5926, 48.3555 : 1396
19.1876, 41.3547, 50.9677 : 1397
19.2188, 46.241, 51.7282 : 1398
19.2294, 50.3868, 50.2583 : 1399
19.2431, 52.4163, 47.7578 : 1400
19.3275, 49.5037, 50.761 : 1401
19.3455, 53.0972, 51.0021 : 1402
19.3496, 52.5483, 48.8956 : 1403
19.351, 52.9555, 53.0275 : 1404
19.3643, 49.6967, 52.2277 : 1405
19.4432, 47.3471, 51.4234 : 1406
19.5078, 53.0309, 45.2166 : 1407
19.5165, 49.7048, 49.7082 : 1408
19.5279, 46.2451, 51.0825 : 1409
19.5403, 49.8544, 54.6008 : 1410
19.5618, 46.614, 48.6011 : 1411
19.5893, 47.3125, 48.9694 : 1412
19.6026, 48.3618, 47.6891 : 1413
19.6411, 48.4988, 48.2803 : 1414
19.6538, 53.4326, 53.6749 : 1415
19.6757, 48.6246, 55.8333 : 1416
19.6821, 60.4582, 50.9088 : 1417
19.6837, 53.1707, 43.2174 : 1418
19.6852, 48.3143, 53.665 : 1419
19.7035, 52.3266, 51.8169 : 1420
19.7043, 52.113, 51.314 : 1421
19.7353, 52.683, 50.9044 : 1422
19.7706, 52.2504, 52.0606 : 1423
19.7802, 48.7835, 54.0802 : 1424
19.7966, 46.4159, 50.5036 : 1425
19.7982, 50.1106, 48.1459 : 1426
19.8269, 51.6407, 42.238 : 1427
19.8397, 49.7477, 49.826 : 1428
19.846, 53.4471, 47.5119 : 1429
19.8532, 48.9565, 41.5111 : 1430
19.8893, 49.9884, 48.3965 : 1431
19.9032, 50.7936, 52.2522 : 1432
19.9111, 49.554, 49.105 : 1433
19.92, 50.7128, 51.4491 : 1434
19.9607, 44.6795, 55.7935 : 1435
19.9711, 51.0884, 51.0687 : 1436
19.9838, 46.2143, 47.5977 : 1437
19.9873, 53.3231, 53.5652 : 1438
19.9956, 47.7358, 50.4446 : 1439
20.0064, 53.3376, 51.559 : 1440
20.0268, 49.6067, 55.2435 : 1441
20.0286, 47.9803, 54.3069 : 1442
20.0456, 47.5522, 47.405 : 1443
20.0814, 47.7096, 47.701 : 1444
20.147, 51.7756, 48.1461 : 1445
20.1514, 49.0632, 54.9045 : 1446
20.1806, 51.2545, 52.1005 : 1447
20.2237, 56.0523, 48.1692 : 1448
20.2337, 52.3748, 53.5632 : 1449
20.2556, 51.7076, 44.478 : 1450
20.2572, 54.7071, 49.7453 : 1451
20.261, 47.3335, 48.4074 : 1452
20.327, 49.951, 48.8388 : 1453
20.3421, 49.9744, 51.0114 : 1454
20.3568, 48.2171, 50.053 : 1455
20.4079, 50.9523, 46.603 : 1456
20.4148, 48.7773, 48.325 : 1457
20.5319, 46.8232, 52.2919 : 1458
20.5783, 51.1078, 53.9811 : 1459
20.6053, 46.6634, 49.2971 : 1460
20.6146, 48.0492, 47.92 : 1461
20.6185, 53.915, 52.0326 : 1462
20.6662, 50.0011, 50.8323 : 1463
20.6797, 52.029, 45.1436 : 1464
20.7177, 53.0409, 47.9535 : 1465
20.7485, 52.1657, 46.8167 : 1466
20.8425, 46.9165, 52.2938 : 1467
20.8477, 47.9548, 51.3902 : 1468
20.8972, 47.9836, 47.1528 : 1469
20.8977, 53.3453, 52.7582 : 1470
20.9471, 48.8563, 50.6906 : 1471
20.9756, 51.4553, 47.3712 : 1472
20.978, 55.0328, 49.4929 : 1473
20.9912, 49.837, 56.9627 : 1474
20.9977, 53.0549, 50.7493 : 1475
21.0074, 44.7625, 46.4239 : 1476
21.0117, 48.4384, 53.2139 : 1477
21.0155, 50.0391, 50.8179 : 1478
21.0178, 46.6771, 48.8851 : 1479
21.0313, 46.5127, 47.1746 : 1480
21.0318, 47.1259, 52.0636 : 1481
21.0493, 54.6363, 52.3806 : 1482
21.051, 55.7126, 48.9483 : 1483
21.0667, 51.4869, 48.3633 : 1484
21.0818, 50.9433, 51.2511 : 1485
21.1208, 50.7635, 50.8774 : 1486
21.1369, 47.0692, 51.2355 : 1487
21.1558, 47.354, 44.3543 : 1488
21.1565, 53.591, 49.0136 : 1489
21.1912, 47.7443, 52.2772 : 1490
21.1988, 50.2043, 51.1542 : 1491
21.2135, 50.629, 47.7223 : 1492
21.219, 51.904, 50.3092 : 1493
21.2441, 51.0155, 49.7817 : 1494
21.2711, 45.5069, 50.5542 : 1495
21.2952, 47.542, 48.7385 : 1496
21.3206, 49.6693, 53.5246 : 1497
21.3208, 49.3358, 47.5718 : 1498
21.3758, 47.4324, 50.6962 : 1499
21.3944, 52.6869, 50.698 : 1500
21.419, 49.8809, 46.8592 : 1501
21.5173, 51.7452, 49.8154 : 1502
21.5212, 44.8971, 50.8464 : 1503
21.5852, 56.0472, 51.123 : 1504
21.6007, 47.787, 48.3926 : 1505
21.6289, 52.9307, 48.4166 : 1506
21.6331, 51.5527, 48.6152 : 1507
21.6375, 52.0465, 50.0015 : 1508
21.6441, 50.1425, 45.7843 : 1509
21.7047, 53.6272, 46.542 : 1510
21.8028, 50.4111, 52.9046 : 1511
21.8341, 54.0421, 49.397 : 1512
21.8392, 51.136, 51.5007 : 1513
21.9158, 49.2391, 49.8475 : 1514
21.9225, 51.6043, 49.646 : 1515
21.9313, 48.9142, 46.7197 : 1516
21.9437, 50.6517, 55.2824 : 1517
21.9633, 49.4125, 44.7134 : 1518
21.9747, 46.6951, 51.112 : 1519
22.0033, 52.2906, 46.5221 : 1520
22.0067, 50.827, 49.6821 : 1521
22.0341, 51.1955, 52.8416 : 1522
22.0473, 52.6619, 52.4078 : 1523
22.0563, 49.8071, 54.4146 : 1524
22.1092, 47.9388, 51.893 : 1525
22.1108, 49.1375, 52.5256 : 1526
22.1118, 47.3252, 51.0168 : 1527
22.1349, 51.2157, 47.327 : 1528
22.1542, 52.2062, 47.3251 : 1529
22.2895, 48.2013, 55.515 : 1530
22.4269, 50.4065, 50.6708 : 1531
22.4344, 53.7025, 45.8957 : 1532
22.4725, 50.8633, 46.5736 : 1533
22.4735, 43.8265, 46.5768 : 1534
22.4872, 51.9463, 48.9456 : 1535
22.5202, 55.087, 49.2308 : 1536
22.5358, 45.8945, 46.1658 : 1537
22.5416, 51.3437, 53.9807 : 1538
22.5463, 48.5873, 49.8128 : 1539
22.5471, 49.5934, 44.4179 : 1540
22.5501, 50.3609, 49.1602 : 1541
22.6339, 49.0009, 45.6602 : 1542
22.6425, 51.2268, 48.9201 : 1543
22.6509, 51.3509, 50.0446 : 1544
22.6872, 46.3866, 51.8984 : 1545
22.7031, 50.2161, 46.823 : 1546
22.7388, 51.3737, 50.3194 : 1547
22.7878, 53.1094, 50.6307 : 1548
22.7901, 51.2603, 51.5416 : 1549
22.7926, 53.9461, 54.6071 : 1550
22.7949, 52.1534, 51.7054 : 1551
22.8101, 55.5179, 50.0382 : 1552
22.8926, 45.8113, 50.9904 : 1553
22.9252, 49.9973, 52.9514 : 1554
22.934, 54.5635, 54.0985 : 1555
22.9482, 48.7814, 44.3693 : 1556
22.971, 54.2507, 51.9974 : 1557
22.98, 43.3451, 49.6862 : 1558
22.9952, 53.937, 53.6996 : 1559
23.0163, 49.6768, 45.5671 : 1560
23.0324, 52.4217, 50.9316 : 1561
23.0455, 47.4714, 45.4722 : 1562
23.0556, 50.2715, 45.4182 : 1563
23.1122, 49.5362, 51.5375 : 1564
23.1239, 49.1841, 43.5324 : 1565
23.1409, 51.8713, 50.8385 : 1566
23.1511, 48.0086, 49.0934 : 1567
23.1609, 47.0378, 53.4419 : 1568
23.1976, 53.4053, 54.0849 : 1569
23.2547, 50.2541, 47.2438 : 1570
23.2739, 49.8028, 46.9172 : 1571
23.3678, 47.817, 52.4986 : 1572
23.4911, 48.2311, 47.7152 : 1573
23.5021, 48.1152, 48.1794 : 1574
23.5115, 53.2863, 52.8826 : 1575
23.5124, 49.9456, 54.166 : 1576
23.5973, 46.5527, 50.1853 : 1577
23.615, 50.5205, 40.1065 : 1578
23.6416, 52.109, 49.4959 : 1579
23.6759, 48.6937, 48.7465 : 1580
23.6824, 53.5055, 49.6092 : 1581
23.7428, 51.3966, 49.1675 : 1582
23.879, 49.8741, 50.4541 : 1583
23.9191, 52.1718, 46.674 : 1584
23.9284, 50.9372, 52.7708 : 1585
24.1862, 45.6164, 47.7329 : 1586
24.2084, 46.8879, 42.4007 : 1587
24.2276, 48.26, 50.976 : 1588
24.2601, 51.7809, 50.2104 : 1589
24.4005, 52.6128, 57.1749 : 1590
24.5405, 44.6154, 42.617 : 1591
24.6437, 49.3028, 48.3892 : 1592
24.753, 54.6677, 49.507 : 1593
24.7699, 49.6383, 50.5479 : 1594
24.8713, 51.5597, 46.7716 : 1595
25.1934, 40.9598, 50.8539 : 1596
25.4884, 46.0057, 50.9947 : 1597
25.5238, 49.9793, 57.0589 : 1598
25.5955, 50.0652, 50.757 : 1599
25.6504, 52.0327, 51.9556 : 1600
25.7248, 53.4759, 53.5047 : 1601
25.7802, 53.6276, 46.604 : 1602
25.8546, 55.7019, 47.0922 : 1603
26.0434, 49.5929, 53.9396 : 1604
26.0616, 48.1222, 50.8655 : 1605
26.1405, 49.7243, 50.8724 : 1606
27.4747, 52.3853, 48.8073 : 1607
27.7546, 48.7469, 51.541 : 1608
29.0113, 49.7369, 48.9308 : 1609
40.5487, 46.1113, 82.8664 : 1610
41.6984, 51.2787, 82.5165 : 1611
41.7094, 83.5305, 44.5779 : 1612
42.0646, 52.5201, 53.4576 : 1613
42.0966, 50.5258, 73.7959 : 1614
42.3827, 49.3708, 25.1306 : 1615
42.4258, 51.207, 20.1947 : 1616
42.4726, 20.5696, 49.2699 : 1617
42.5177, 17.7477, 47.5011 : 1618
42.5987, 47.0321, 52.5625 : 1619
42.6301, 50.0787, 19.1473 : 1620
42.8558, 49.7246, 80.7784 : 1621
42.8852, 55.616, 45.8757 : 1622
42.9096, 48.6096, 76.8395 : 1623
43.0199, 51.644, 73.8621 : 1624
43.0543, 52.563, 52.8009 : 1625
43.0687, 53.2523, 84.6111 : 1626
43.0768, 51.0912, 80.8872 : 1627
43.127, 51.1311, 19.0435 : 1628
43.2377, 84.5113, 50.3288 : 1629
43.2627, 52.77, 18.8463 : 1630
43.3174, 20.5664, 50.3835 : 1631
43.5422, 50.1714, 43.9802 : 1632
43.546, 48.7948, 80.2346 : 1633
43.6549, 82.2422, 46.4844 : 1634
43.7813, 81.1558, 47.2787 : 1635
43.7918, 48.042, 48.6755 : 1636
43.8054, 47.8027, 85.7334 : 1637
43.8095, 23.7958, 47.6987 : 1638
43.8128, 46.3682, 80.487 : 1639
43.8301, 48.8111, 46.0445 : 1640
43.9027, 50.8503, 15.771 : 1641
43.9688, 25.5293, 55.1343 : 1642
44.0042, 44.2208, 78.9401 : 1643
44.0174, 80.3409, 47.5267 : 1644
44.0541, 23.5889, 50.1855 : 1645
44.0743, 50.5102, 17.4868 : 1646
44.1192, 44.8212, 49.9731 : 1647
44.1319, 18.2475, 54.0316 : 1648
44.2333, 47.6986, 83.0261 : 1649
44.2689, 51.9348, 75.8384 : 1650
44.2834, 46.4454, 51.2537 : 1651
44.2936, 81.3004, 50.6333 : 1652
44.3262, 54.1498, 53.2196 : 1653
44.3442, 48.2923, 80.818 : 1654
44.365, 25.8879, 46.0355 : 1655
44.3709, 19.2671, 52.0682 : 1656
44.4071, 50.6118, 17.8001 : 1657
44.435, 55.9274, 46.1972 : 1658
44.4462, 52.5766, 81.3329 : 1659
44.4552, 75.4724, 52.3414 : 1660
44.5055, 52.0441, 17.4923 : 1661
44.5063, 50.3998, 20.2219 : 1662
44.5363, 53.7663, 53.9014 : 1663
44.5469, 76.6504, 51.671 : 1664
44.5834, 51.9044, 18.3668 : 1665
44.6193, 50.2096, 82.4918 : 1666
44.6206, 50.1727, 81.9796 : 1667
44.6215, 53.9537, 15.8262 : 1668
44.6219, 49.9803, 50.6032 : 1669
44.6396, 50.0268, 79.4586 : 1670
44.6686, 48.3147, 83.1334 : 1671
44.6848, 86.6383, 48.7006 : 1672
44.6968, 49.2619, 21.6268 : 1673
44.699, 16.4607, 52.1039 : 1674
44.699, 52.0184, 20.059 : 1675
44.7097, 50.6192, 17.7499 : 1676
44.8269, 56.7797, 78.9535 : 1677
44.8383, 84.7296, 50.407 : 1678
44.8532, 48.9302, 79.4553 : 1679
44.8873, 51.2748, 16.8475 : 1680
44.9243, 53.8525, 43.5998 : 1681
44.9539, 48.285, 48.9803 : 1682
44.9876, 47.8617, 17.9549 : 1683
44.9993, 51.1066, 87.2577 : 1684
45.0432, 27.4422, 50.4683 : 1685
45.0649, 49.9869, 20.0629 : 1686
45.0887, 54.7886, 17.5793 : 1687
45.1019, 55.9109, 53.8305 : 1688
45.1067, 17.2453, 49.24 : 1689
45.1213, 51.7787, 78.1964 : 1690
45.1611, 48.5727, 51.0724 : 1691
45.1839, 78.2855, 50.5725 : 1692
45.2208, 86.2112, 57.3266 : 1693
45.2377, 24.5257, 50.5209 : 1694
45.2679, 79.9352, 52.3457 : 1695
45.277, 50.0972, 84.5469 : 1696
45.3201, 47.8074, 44.0126 : 1697
45.3248, 21.847, 42.1823 : 1698
45.3388, 75.2736, 53.7988 : 1699
45.3708, 42.374, 21.726 : 1700
45.3814, 48.8189, 18.7237 : 1701
45.4031, 25.7272, 49.3094 : 1702
45.4116, 47.7281, 81.9662 : 1703
45.4429, 46.4168, 17.682 : 1704
45.4505, 53.3012, 79.9822 : 1705
45.4663, 81.9653, 46.6842 : 1706
45.4725, 49.92, 55.3773 : 1707
45.4781, 51.8412, 76.1241 : 1708
45.4806, 20.9183, 52.4896 : 1709
45.482, 83.2839, 50.7657 : 1710
45.4894, 25.9127, 51.2014 : 1711
45.5099, 76.1401, 50.4008 : 1712
45.5127, 21.9317, 50.7238 : 1713
45.5253, 56.7961, 80.0803 : 1714
45.5261, 83.9394, 42.5576 : 1715
45.5283, 51.4935, 81.8018 : 1716
45.5347, 49.5557, 18.6309 : 1717
45.537, 53.2493, 46.9227 : 1718
45.5447, 52.1177, 55.6987 : 1719
45.5456, 45.8452, 49.4225 : 1720
45.5459, 79.4919, 50.5651 : 1721
45.5538, 49.6386, 20.3821 : 1722
45.5543, 21.7368, 52.961 : 1723
45.5578, 49.1415, 17.1162 : 1724
45.575, 46.2885, 18.2312 : 1725
45.599, 49.5241, 85.3621 : 1726
45.6063, 51.6713, 16.0141 : 1727
45.6313, 48.3306, 55.7695 : 1728
45.6434, 18.906, 50.6534 : 1729
45.6609, 18.146, 51.9925 : 1730
45.6753, 51.6221, 47.2664 : 1731
45.6787, 48.5242, 81.0577 : 1732
45.692, 20.6854, 46.1623 : 1733
45.7011, 18.8167, 47.7963 : 1734
45.7145, 78.9286, 51.5495 : 1735
45.7464, 84.9876, 55.8851 : 1736
45.753, 45.0196, 17.3971 : 1737
45.7579, 47.052, 21.4636 : 1738
45.7817, 49.6011, 48.5126 : 1739
45.7881, 77.7529, 48.4375 : 1740
45.801, 50.7084, 48.5775 : 1741
45.8121, 46.5603, 51.4359 : 1742
45.8227, 54.3494, 16.9248 : 1743
45.8391, 77.8358, 53.5968 : 1744
45.8478, 79.9834, 45.7025 : 1745
45.8546, 50.0832, 52.98 : 1746
45.8565, 50.4273, 80.8434 : 1747
45.898, 55.5824, 51.5166 : 1748
45.9034, 53.5522, 46.0582 : 1749
45.9295, 47.7601, 15.7443 : 1750
45.9441, 50.8179, 80.4469 : 1751
45.9563, 24.5402, 47.3453 : 1752
45.9765, 15.6428, 49.9724 : 1753
45.9779, 53.1438, 20.0621 : 1754
45.9971, 12.3724, 53.9242 : 1755
46.026, 48.9015, 50.397 : 1756
46.0394, 53.8745, 16.9762 : 1757
46.0569, 48.5718, 21.879 : 1758
46.0772, 49.0497, 15.9019 : 1759
46.111, 19.3827, 50.2712 : 1760
46.1182, 47.4369, 84.1459 : 1761
46.1248, 54.5353, 20.26 : 1762
46.1345, 22.5097, 47.119 : 1763
46.1585, 46.063, 75.0873 : 1764
46.1593, 47.5059, 17.2231 : 1765
46.1638, 43.0757, 17.7731 : 1766
46.1665, 56.6794, 22.359 : 1767
46.171, 51.8541, 51.2277 : 1768
46.1719, 52.1256, 46.8654 : 1769
46.1861, 75.7888, 49.7367 : 1770
46.1864, 19.2529, 51.5228 : 1771
46.2062, 20.4254, 49.8351 : 1772
46.2073, 49.8914, 25.697 : 1773
46.2089, 75.5602, 52.0933 : 1774
46.2138, 49.4742, 22.8313 : 1775
46.2288, 23.1308, 47.8477 : 1776
46.2469, 79.7281, 54.9798 : 1777
46.2493, 81.9291, 52.6382 : 1778
46.2531, 20.9841, 46.3445 : 1779
46.2578, 48.2612, 16.488 : 1780
46.2584, 51.771, 77.8515 : 1781
46.2605, 50.2934, 19.194 : 1782
46.2764, 46.7156, 49.4804 : 1783
46.2873, 20.6764, 48.987 : 1784
46.2909, 50.5341, 17.0449 : 1785
46.3043, 16.4925, 48.5855 : 1786
46.3249, 26.9657, 54.1618 : 1787
46.3287, 26.1231, 50.9755 : 1788
46.341, 45.2331, 21.7106 : 1789
46.3543, 85.1483, 48.55 : 1790
46.3612, 54.2443, 50.8631 : 1791
46.3632, 55.2653, 80.6651 : 1792
46.3717, 45.6401, 51.7836 : 1793
46.3919, 52.888, 81.993 : 1794
46.3923, 53.1187, 82.5372 : 1795
46.3951, 54.6257, 52.9749 : 1796
46.4151, 79.7288, 53.2864 : 1797
46.4303, 51.0371, 18.8322 : 1798
46.4433, 76.7804, 50.4182 : 1799
46.459, 20.7531, 47.9101 : 1800
46.4745, 47.0581, 47.2026 : 1801
46.4749, 20.3945, 47.2925 : 1802
46.4889, 45.5002, 52.3621 : 1803
46.4955, 44.712, 21.4187 : 1804
46.5123, 44.8724, 50.313 : 1805
46.5199, 20.4139, 50.514 : 1806
46.5227, 17.4371, 49.7833 : 1807
46.5291, 80.1057, 48.9161 : 1808
46.537, 28.6286, 53.3761 : 1809
46.5687, 46.5222, 15.8717 : 1810
46.5817, 42.0415, 39.1123 : 1811
46.585, 78.2884, 47.0025 : 1812
46.5866, 23.1731, 52.471 : 1813
46.5904, 78.0786, 49.6238 : 1814
46.6149, 18.6938, 48.2531 : 1815
46.6216, 50.6992, 77.9772 : 1816
46.6233, 54.8237, 46.9992 : 1817
46.6291, 51.6722, 16.4523 : 1818
46.6304, 47.624, 86.5726 : 1819
46.6509, 18.6386, 51.7281 : 1820
46.652, 52.4201, 21.6656 : 1821
46.6527, 77.3419, 48.8691 : 1822
46.6532, 17.3373, 50.3738 : 1823
46.6628, 82.459, 43.6267 : 1824
46.6754, 50.3829, 49.105 : 1825
46.6899, 53.5584, 50.7201 : 1826
46.6945, 48.1349, 52.4106 : 1827
46.6954, 48.8131, 53.2087 : 1828
46.6997, 54.2574, 77.5897 : 1829
46.7042, 26.0082, 51.432 : 1830
46.7092, 50.848, 77.1177 : 1831
46.7171, 21.731, 49.2606 : 1832
46.7295, 53.7013, 46.2744 : 1833
46.7319, 23.4982, 49.3541 : 1834
46.7413, 19.9289, 52.3661 : 1835
46.7428, 82.1733, 44.7266 : 1836
46.7453, 48.7049, 19.4482 : 1837
46.7648, 48.9402, 80.9007 : 1838
46.7803, 50.6841, 18.8127 : 1839
46.7806, 76.4331, 50.8892 : 1840
46.7832, 56.2355, 51.0526 : 1841
46.7907, 82.8879, 49.1747 : 1842
46.7986, 50.8835, 19.9315 : 1843
46.8056, 88.4107, 52.526 : 1844
46.8093, 49.2097, 82.6275 : 1845
46.8353, 51.2619, 50.5258 : 1846
46.8354, 19.9203, 54.0634 : 1847
46.8551, 18.2813, 48.5626 : 1848
46.8631, 51.7618, 50.3446 : 1849
46.8743, 80.7365, 52.8506 : 1850
46.8762, 23.1864, 55.571 : 1851
46.8936, 81.009, 53.0137 : 1852
46.9181, 82.2625, 47.5176 : 1853
46.9354, 22.4922, 49.569 : 1854
46.9377, 82.7673, 50.8981 : 1855
46.945, 23.1745, 48.383 : 1856
46.9537, 80.8642, 47.7116 : 1857
46.9637, 78.3025, 46.4197 : 1858
46.9765, 51.184, 81.8019 : 1859
46.9821, 47.9672, 49.9951 : 1860
46.9823, 19.7632, 53.3155 : 1861
46.9934, 50.5465, 19.7579 : 1862
46.9985, 20.1417, 53.1601 : 1863
46.9993, 50.6595, 19.6729 : 1864
47.0008, 77.418, 52.3469 : 1865
47.0017, 51.2124, 18.4177 : 1866
47.0025, 51.255, 77.7209 : 1867
47.0158, 79.328, 48.6501 : 1868
47.0237, 44.9317, 80.9652 : 1869
47.0324, 52.4645, 50.0906 : 1870
47.0325, 45.764, 79.8936 : 1871
47.0449, 77.396, 45.9347 : 1872
47.0546, 52.612, 84.8314 : 1873
47.0563, 24.0464, 46.4206 : 1874
47.0567, 82.546, 53.1668 : 1875
47.0624, 51.7475, 21.5936 : 1876
47.065, 46.9629, 76.1201 : 1877
47.0759, 51.5557, 84.5646 : 1878
47.076, 79.3859, 46.2046 : 1879
47.1191, 80.2511, 46.0195 : 1880
47.1212, 48.9565, 76.1996 : 1881
47.1238, 47.6686, 20.8817 : 1882
47.1281, 85.4878, 50.497 : 1883
47.1284, 84.245, 44.5152 : 1884
47.1316, 50.5336, 77.9964 : 1885
47.1351, 78.4367, 49.3109 : 1886
47.1357, 48.5306, 51.3234 : 1887
47.1392, 47.4964, 81.0299 : 1888
47.1447, 20.1687, 46.9274 : 1889
47.1463, 16.0389, 50.7109 : 1890
47.1499, 45.1115, 85.5742 : 1891
47.1861, 26.8574, 41.5466 : 1892
47.1869, 50.6599, 80.1888 : 1893
47.1871, 48.9372, 17.5525 : 1894
47.2009, 57.6809, 82.0484 : 1895
47.2075, 51.3401, 85.311 : 1896
47.2143, 49.0975, 47.7217 : 1897
47.2158, 48.9077, 21.4061 : 1898
47.2221, 84.0979, 45.9704 : 1899
47.2279, 47.28, 44.6908 : 1900
47.2281, 47.184, 49.6563 : 1901
47.2298, 50.0404, 83.7055 : 1902
47.2298, 51.2207, 51.8977 : 1903
47.2447, 51.5865, 45.7608 : 1904
47.2529, 47.4874, 20.7174 : 1905
47.2576, 47.3516, 23.6624 : 1906
47.2592, 47.8212, 83.7545 : 1907
47.2689, 49.1029, 75.9817 : 1908
47.2948, 46.2818, 20.907 : 1909
47.3013, 78.6155, 53.4248 : 1910
47.3161, 17.0408, 48.3864 : 1911
47.3166, 49.3074, 48.577 : 1912
47.3223, 52.8443, 74.1924 : 1913
47.3352, 51.25, 20.3511 : 1914
47.3408, 54.0973, 16.7748 : 1915
47.3561, 49.1469, 80.2349 : 1916
47.3605, 50.6441, 80.854 : 1917
47.3638, 81.8597, 50.0854 : 1918
47.3653, 50.1504, 50.0261 : 1919
47.3727, 77.533, 48.3766 : 1920
47.3734, 22.3263, 53.0094 : 1921
47.3881, 46.3956, 15.1161 : 1922
47.3891, 49.2051, 57.5118 : 1923
47.3919, 48.1816, 19.3424 : 1924
47.399, 47.9175, 22.181 : 1925
47.4038, 47.6704, 82.0874 : 1926
47.4081, 48.7935, 18.3967 : 1927
47.4096, 50.7705, 77.9204 : 1928
47.4148, 52.9705, 51.2172 : 1929
47.4188, 46.9373, 50.791 : 1930
47.4202, 23.7622, 48.4089 : 1931
47.4275, 45.5142, 21.6834 : 1932
47.4418, 46.0013, 22.8179 : 1933
47.4419, 81.6436, 47.5948 : 1934
47.4469, 48.7412, 50.8321 : 1935
47.449, 47.9844, 46.5774 : 1936
47.4533, 50.2588, 21.9698 : 1937
47.4556, 25.2588, 51.4042 : 1938
47.4564, 47.9096, 76.3958 : 1939
47.4624, 80.5316, 52.5572 : 1940
47.4657, 80.4647, 50.002 : 1941
47.4661, 48.9111, 78.5161 : 1942
47.4677, 48.048, 46.3184 : 1943
47.4702, 50.4122, 18.0242 : 1944
47.4888, 81.6305, 55.9468 : 1945
47.496, 81.6932, 54.2258 : 1946
47.4972, 21.5561, 48.6835 : 1947
47.4993, 44.2137, 19.8713 : 1948
47.5098, 52.7354, 47.2304 : 1949
47.5103, 49.3367, 18.6978 : 1950
47.5165, 55.237, 74.3166 : 1951
47.5201, 45.5665, 20.3107 : 1952
47.5204, 79.1502, 46.515 : 1953
47.5271, 51.8371, 77.7117 : 1954
47.5328, 51.1307, 77.9825 : 1955
47.5366, 23.107, 52.8513 : 1956
47.5379, 53.1884, 50.7136 : 1957
47.5431, 47.4067, 45.8511 : 1958
47.5505, 76.7663, 48.5936 : 1959
47.5521, 49.084, 43.572 : 1960
47.554, 18.4137, 46.7095 : 1961
47.5562, 52.2699, 83.2799 : 1962
47.5563, 49.402, 79.1922 : 1963
47.571, 49.9817, 79.3963 : 1964
47.58, 47.0804, 52.7191 : 1965
47.5811, 47.8332, 45.9985 : 1966
47.5841, 54.9399, 25.0192 : 1967
47.5849, 47.8004, 50.7939 : 1968
47.5876, 48.6714, 47.5379 : 1969
47.5915, 49.4782, 82.328 : 1970
47.607, 46.9061, 18.7274 : 1971
47.6112, 84.5923, 50.6147 : 1972
47.6152, 54.9498, 48.7538 : 1973
47.6161, 76.6965, 48.5143 : 1974
47.6165, 82.9723, 53.0413 : 1975
47.623, 47.4589, 50.9735 : 1976
47.6319, 49.3887, 19.8766 : 1977
47.6348, 80.9507, 52.0556 : 1978
47.64, 47.4536, 20.5664 : 1979
47.64, 53.9256, 16.1553 : 1980
47.642, 18.9648, 49.8345 : 1981
47.6515, 80.6452, 48.4521 : 1982
47.6519, 17.0506, 48.3449 : 1983
47.6533, 46.5443, 22.7862 : 1984
47.6561, 52.4429, 19.6915 : 1985
47.6598, 56.6075, 50.5595 : 1986
47.6606, 50.5502, 17.5154 : 1987
47.6704, 20.2884, 50.12 : 1988
47.6757, 44.6211, 53.1992 : 1989
47.6761, 53.0097, 17.3201 : 1990
47.6866, 41.2696, 49.1713 : 1991
47.6938, 78.5678, 49.7539 : 1992
47.6982, 17.9382, 52.4707 : 1993
47.7082, 20.4797, 49.201 : 1994
47.7127, 44.8293, 82.8589 : 1995
47.7224, 49.5087, 18.686 : 1996
47.7273, 19.7105, 48.7385 : 1997
47.7358, 52.3448, 76.1534 : 1998
47.744, 48.2963, 48.4609 : 1999
47.7505, 19.6564, 48.2058 : 2000
47.7789, 50.068, 75.6221 : 2001
47.79, 24.4151, 49.4859 : 2002
47.793, 51.4405, 21.5988 : 2003
47.8004, 19.0652, 51.2899 : 2004
47.8042, 19.0301, 50.3722 : 2005
47.8063, 84.4247, 50.0061 : 2006
47.807, 43.5765, 50.7228 : 2007
47.8129, 79.7984, 52.5496 : 2008
47.829, 19.802, 44.7955 : 2009
47.8291, 16.8047, 46.477 : 2010
47.8299, 56.0787, 47.4091 : 2011
47.8317, 49.6367, 82.8159 : 2012
47.8447, 47.8366, 83.3224 : 2013
47.8471, 49.5265, 78.6296 : 2014
47.8486, 84.4977, 48.773 : 2015
47.8517, 52.9435, 45.7244 : 2016
47.859, 46.5132, 80.036 : 2017
47.8665, 46.0908, 80.0454 : 2018
47.8865, 49.4591, 22.6645 : 2019
47.8956, 49.2695, 83.2305 : 2020
47.9004, 50.9087, 85.8758 : 2021
47.9035, 52.6289, 49.7006 : 2022
47.9169, 78.9333, 53.9112 : 2023
47.9259, 22.4936, 51.2983 : 2024
47.931, 84.2181, 54.9873 : 2025
47.9322, 49.3857, 81.343 : 2026
47.934, 81.8533, 53.2535 : 2027
47.9408, 55.2231, 78.3096 : 2028
47.9569, 79.8115, 46.5498 : 2029
47.957, 76.8933, 53.2771 : 2030
47.9681, 43.2511, 81.7617 : 2031
47.9813, 48.1594, 78.0673 : 2032
47.9854, 55.0835, 82.4761 : 2033
47.9968, 52.9601, 50.7667 : 2034
48.0042, 81.2962, 50.1001 : 2035
48.0055, 55.1937, 81.7485 : 2036
48.0092, 50.8597, 84.2311 : 2037
48.01, 47.1697, 78.8998 : 2038
48.0159, 20.3179, 48.7236 : 2039
48.0192, 47.3627, 78.6312 : 2040
48.0259, 47.823, 20.8196 : 2041
48.0273, 50.4118, 46.8342 : 2042
48.0323, 50.7691, 76.4184 : 2043
48.0353, 45.5812, 77.1971 : 2044
48.0385, 50.7413, 52.5616 : 2045
48.0476, 49.1392, 17.7211 : 2046
48.0543, 82.1077, 43.651 : 2047
48.0561, 48.2424, 23.5062 : 2048
48.0593, 52.2302, 83.707 : 2049
48.0612, 54.1864, 49.0605 : 2050
48.0617, 76.9698, 47.113 : 2051
48.0667, 46.5488, 18.659 : 2052
48.0675, 77.5294, 51.9712 : 2053
48.0737, 87.5479, 52.667 : 2054
48.078, 21.0413, 47.0923 : 2055
48.078, 50.1085, 75.2587 : 2056
48.0781, 47.7819, 43.8363 : 2057
48.0845, 78.8154, 49.5695 : 2058
48.0908, 54.4714, 81.4468 : 2059
48.1065, 52.6649, 81.7801 : 2060
48.1184, 19.451, 50.0259 : 2061
48.1254, 53.6076, 17.4594 : 2062
48.1261, 83.5367, 54.2861 : 2063
48.1308, 49.2397, 44.886 : 2064
48.1547, 43.5159, 49.6591 : 2065
48.1555, 79.291, 51.3087 : 2066
48.1573, 54.3243, 49.1153 : 2067
48.1584, 78.3381, 49.6472 : 2068
48.1595, 49.8422, 83.6642 : 2069
48.1603, 78.8345, 45.4552 : 2070
48.1644, 52.2119, 21.5541 : 2071
48.1783, 78.6047, 51.8841 : 2072
48.1806, 51.6178, 48.7775 : 2073
48.1857, 47.4957, 49.6486 : 2074
48.1882, 52.2544, 81.6064 : 2075
48.1917, 53.3659, 49.1307 : 2076
48.1928, 46.0789, 75.5103 : 2077
48.1949, 52.9812, 53.2616 : 2078
48.2027, 52.5761, 82.4745 : 2079
48.2079, 51.1758, 18.3594 : 2080
48.2149, 50.469, 49.4774 : 2081
48.2177, 44.5195, 17.2445 : 2082
48.23, 45.1741, 18.2235 : 2083
48.2362, 82.5591, 49.9113 : 2084
48.2453, 22.4561, 41.8579 : 2085
48.2466, 15.7984, 54.1446 : 2086
48.2476, 49.4106, 25.5179 : 2087
48.2551, 19.0728, 44.2697 : 2088
48.268, 55.8688, 19.6661 : 2089
48.2899, 52.5076, 81.3454 : 2090
48.2954, 50.8295, 17.9289 : 2091
48.2957, 79.6323, 50.8024 : 2092
48.2995, 48.1263, 21.6272 : 2093
48.3021, 55.2981, 81.1618 : 2094
48.3075, 78.4563, 48.8317 : 2095
48.3163, 47.3048, 22.0457 : 2096
48.3176, 75.5688, 52.2316 : 2097
48.3299, 18.5606, 48.659 : 2098
48.33, 45.9431, 82.8489 : 2099
48.3342, 22.1945, 50.9244 : 2100
48.3343, 83.9391, 56.9489 : 2101
48.3348, 50.0992, 21.2297 : 2102
48.3372, 49.4357, 19.3289 : 2103
48.3485, 51.8026, 46.0559 : 2104
48.3486, 23.3888, 46.6481 : 2105
48.3508, 84.1775, 45.8842 : 2106
48.3559, 79.7416, 47.586 : 2107
48.3577, 49.0287, 25.0535 : 2108
48.3592, 51.1937, 47.7865 : 2109
48.3594, 79.9689, 48.5985 : 2110
48.3595, 23.5019, 49.2081 : 2111
48.3688, 79.4719, 49.823 : 2112
48.3778, 19.8878, 49.9896 : 2113
48.3839, 21.9912, 50.6756 : 2114
48.4034, 48.4338, 82.9629 : 2115
48.4187, 43.5946, 54.983 : 2116
48.4242, 49.4589, 83.7738 : 2117
48.4321, 49.9834, 45.4343 : 2118
48.4334, 75.2031, 55.5712 : 2119
48.4427, 49.7791, 18.7495 : 2120
48.4644, 50.7606, 53.4303 : 2121
48.4653, 83.6447, 53.4673 : 2122
48.4746, 81.1764, 49.0737 : 2123
48.4811, 49.2398, 77.1359 : 2124
48.4911, 21.3298, 50.8836 : 2125
48.4948, 47.8691, 81.3877 : 2126
48.4958, 16.9735, 48.3155 : 2127
48.5108, 20.0806, 52.8827 : 2128
48.5166, 50.8638, 83.1819 : 2129
48.5194, 20.7287, 48.6714 : 2130
48.5194, 81.6387, 48.4004 : 2131
48.5229, 21.731, 53.006 : 2132
48.5233, 52.8053, 16.6478 : 2133
48.5279, 49.0079, 75.5025 : 2134
48.5326, 18.1334, 50.7913 : 2135
48.5477, 45.8681, 19.0941 : 2136
48.5493, 49.5264, 28.8411 : 2137
48.5563, 44.0364, 16.6548 : 2138
48.5568, 20.7143, 50.5373 : 2139
48.5641, 47.3463, 46.5047 : 2140
48.5705, 44.5766, 23.7147 : 2141
48.5743, 19.2322, 46.6993 : 2142
48.5786, 84.3297, 44.1299 : 2143
48.5788, 85.8179, 48.0147 : 2144
48.5796, 15.6751, 48.965 : 2145
48.5815, 83.7917, 49.208 : 2146
48.5848, 81.5954, 48.0979 : 2147
48.5946, 79.6726, 49.6635 : 2148
48.6078, 52.251, 21.7452 : 2149
48.6096, 44.4087, 47.7556 : 2150
48.6103, 83.8631, 47.617 : 2151
48.6159, 45.8659, 53.8716 : 2152
48.6213, 48.8876, 50.6464 : 2153
48.6224, 48.9817, 14.2968 : 2154
48.6312, 78.5338, 48.1856 : 2155
48.6386, 50.7643, 53.9099 : 2156
48.6443, 81.2917, 47.0364 : 2157
48.6473, 51.3975, 77.919 : 2158
48.6542, 51.9458, 17.6926 : 2159
48.6567, 49.1065, 49.418 : 2160
48.657, 82.4147, 51.7977 : 2161
48.6628, 24.2698, 52.2069 : 2162
48.6651, 53.895, 46.8937 : 2163
48.6745, 77.4987, 50.9072 : 2164
48.676, 51.012, 15.3786 : 2165
48.6813, 43.7985, 46.8388 : 2166
48.684, 47.6429, 75.2013 : 2167
48.6889, 54.0365, 19.2878 : 2168
48.6897, 51.1895, 50.525 : 2169
48.6941, 50.4647, 50.8442 : 2170
48.7017, 18.4139, 47.3105 : 2171
48.7035, 17.9826, 51.6821 : 2172
48.7046, 52.3449, 49.3983 : 2173
48.7198, 79.7691, 49.1799 : 2174
48.721, 52.9661, 46.4922 : 2175
48.7227, 49.1196, 46.432 : 2176
48.728, 50.5786, 48.0053 : 2177
48.7291, 47.8447, 22.5718 : 2178
48.7335, 50.4912, 50.4869 : 2179
48.7402, 18.4147, 53.6537 : 2180
48.7539, 44.8387, 81.8528 : 2181
48.7587, 86.6783, 48.2586 : 2182
48.76, 51.5462, 20.5592 : 2183
48.7661, 77.9338, 51.1882 : 2184
48.7666, 48.0763, 19.8601 : 2185
48.7674, 48.5696, 22.1427 : 2186
48.7691, 20.539, 53.0316 : 2187
48.775, 49.7739, 47.1595 : 2188
48.7853, 82.058, 47.9256 : 2189
48.7899, 46.5467, 20.5116 : 2190
48.8017, 82.5781, 50.3229 : 2191
48.8029, 52.697, 79.7851 : 2192
48.8066, 49.7656, 21.7341 : 2193
48.8084, 53.3633, 20.1353 : 2194
48.8098, 84.2855, 47.8264 : 2195
48.8117, 82.1346, 50.1083 : 2196
48.8164, 44.9835, 80.2778 : 2197
48.8169, 77.5684, 48.3359 : 2198
48.8213, 21.6858, 53.0697 : 2199
48.8272, 52.4925, 82.9424 : 2200
48.8321, 52.1512, 23.0992 : 2201
48.8389, 49.5728, 80.1968 : 2202
48.8427, 17.959, 49.7125 : 2203
48.848, 53.1387, 17.1902 : 2204
48.8487, 78.6776, 50.0472 : 2205
48.861, 46.8819, 54.8707 : 2206
48.8646, 53.4558, 52.8188 : 2207
48.8846, 46.6062, 82.3366 : 2208
48.8856, 79.9271, 45.8209 : 2209
48.8863, 50.392, 21.9619 : 2210
48.8869, 50.5889, 20.2187 : 2211
48.8895, 52.3973, 50.7907 : 2212
48.8929, 16.5643, 51.5754 : 2213
48.8933, 19.1228, 49.3976 : 2214
48.894, 20.669, 51.0467 : 2215
48.9009, 47.8391, 80.9913 : 2216
48.9029, 53.34, 77.473 : 2217
48.904, 82.4649, 50.6747 : 2218
48.9201, 53.1697, 79.4263 : 2219
48.9226, 21.369, 49.6687 : 2220
48.923, 19.8392, 52.108 : 2221
48.9301, 51.3824, 75.8406 : 2222
48.9341, 82.5325, 45.6242 : 2223
48.9496, 47.7637, 53.3553 : 2224
48.9602, 78.0555, 45.2361 : 2225
48.9616, 46.4737, 46.1525 : 2226
48.9639, 77.4864, 51.7873 : 2227
48.9656, 50.094, 17.0252 : 2228
48.9668, 19.8434, 50.6433 : 2229
48.9703, 79.7011, 53.564 : 2230
48.9719, 50.4464, 48.1534 : 2231
48.9779, 54.2394, 26.8784 : 2232
48.9802, 47.6193, 80.8734 : 2233
48.981, 49.8965, 18.5638 : 2234
48.9819, 47.4258, 52.0498 : 2235
49.0062, 21.8404, 54.2407 : 2236
49.0065, 80.5045, 53.9203 : 2237
49.0087, 21.9991, 52.7923 : 2238
49.0109, 53.0698, 22.8696 : 2239
49.011, 19.8877, 53.8886 : 2240
49.0275, 75.8628, 49.6063 : 2241
49.0322, 46.2755, 81.5421 : 2242
49.0349, 49.1295, 20.3618 : 2243
49.0374, 18.5749, 45.5184 : 2244
49.0398, 52.5576, 82.1528 : 2245
49.0429, 22.0271, 51.7876 : 2246
49.0597, 48.816, 75.4018 : 2247
49.0604, 50.4635, 22.9724 : 2248
49.063, 52.143, 19.506 : 2249
49.0694, 18.8964, 53.9791 : 2250
49.0768, 53.3539, 22.5704 : 2251
49.0772, 51.4399, 53.2706 : 2252
49.0818, 49.3617, 82.2584 : 2253
49.0838, 48.0188, 24.035 : 2254
49.0865, 54.1145, 16.6784 : 2255
49.0893, 50.4276, 24.9901 : 2256
49.0939, 47.2486, 48.9135 : 2257
49.0964, 53.6903, 45.7015 : 2258
49.0968, 52.2876, 79.2177 : 2259
49.104, 78.6458, 48.4757 : 2260
49.1124, 53.0044, 51.2384 : 2261
49.1138, 87.7386, 48.3148 : 2262
49.1195, 50.2527, 75.8154 : 2263
49.1242, 17.6678, 48.7551 : 2264
49.1268, 51.2984, 20.8541 : 2265
49.1275, 76.992, 51.9742 : 2266
49.129, 46.8652, 78.8188 : 2267
49.1321, 48.7249, 49.5955 : 2268
49.1324, 49.9694, 46.9308 : 2269
49.1346, 47.8332, 19.4369 : 2270
49.1382, 52.4278, 79.639 : 2271
49.1432, 56.0658, 15.7765 : 2272
49.145, 18.77, 52.6353 : 2273
49.1544, 52.2932, 19.8515 : 2274
49.1552, 53.8916, 13.3446 : 2275
49.1568, 20.2538, 51.1036 : 2276
49.158, 46.522, 47.5956 : 2277
49.1583, 19.3512, 52.7866 : 2278
49.1603, 80.4589, 48.7232 : 2279
49.1648, 48.8952, 21.3736 : 2280
49.17, 48.3328, 80.8482 : 2281
49.1724, 50.8288, 76.9929 : 2282
49.1734, 83.0813, 42.4695 : 2283
49.1738, 52.6042, 49.2842 : 2284
49.1817, 50.52, 17.0297 : 2285
49.1825, 18.2717, 44.1316 : 2286
49.1888, 48.2601, 14.7568 : 2287
49.1901, 45.1265, 19.7415 : 2288
49.2001, 46.7083, 18.9106 : 2289
49.2001, 48.1084, 21.6905 : 2290
49.2016, 80.4426, 48.9858 : 2291
49.2051, 20.2703, 47.7773 : 2292
49.2159, 47.9006, 72.7133 : 2293
49.2169, 79.3945, 51.7317 : 2294
49.2194, 57.6863, 19.0399 : 2295
49.2234, 18.833, 53.1798 : 2296
49.2238, 53.7828, 24.1926 : 2297
49.2322, 53.7534, 48.764 : 2298
49.2387, 43.5669, 74.5102 : 2299
49.2609, 21.5454, 48.2305 : 2300
49.2637, 55.3614, 84.1993 : 2301
49.2668, 52.343, 17.6862 : 2302
49.2724, 24.5125, 51.6856 : 2303
49.2764, 17.8945, 51.6319 : 2304
49.2815, 19.7835, 43.6015 : 2305
49.2822, 19.4459, 54.8948 : 2306
49.2828, 52.9941, 52.836 : 2307
49.289, 49.1156, 28.9334 : 2308
49.302, 52.3416, 46.8832 : 2309
49.3033, 76.713, 52.0456 : 2310
49.3062, 20.5993, 51.5682 : 2311
49.3126, 43.9346, 50.8374 : 2312
49.3266, 45.9022, 77.004 : 2313
49.3311, 46.7529, 17.923 : 2314
49.3313, 47.3646, 77.1312 : 2315
49.3328, 57.2946, 77.9236 : 2316
49.3358, 25.274, 45.2398 : 2317
49.3439, 50.2611, 26.0323 : 2318
49.3595, 76.9658, 47.8072 : 2319
49.3682, 86.4775, 50.2058 : 2320
49.3751, 81.5486, 49.7027 : 2321
49.3769, 49.389, 78.5658 : 2322
49.3902, 82.4567, 51.7066 : 2323
49.3904, 76.2052, 54.5489 : 2324
49.3972, 21.1001, 50.9078 : 2325
49.3981, 55.1954, 77.1721 : 2326
49.4014, 52.1876, 80.0297 : 2327
49.402, 78.3706, 54.2638 : 2328
49.4039, 21.8903, 50.2794 : 2329
49.4074, 49.3925, 49.3538 : 2330
49.4105, 46.9052, 78.0096 : 2331
49.4112, 55.5827, 48.1847 : 2332
49.4162, 78.2039, 53.8258 : 2333
49.4165, 80.5503, 45.2742 : 2334
49.4178, 51.2097, 16.7613 : 2335
49.4193, 54.6691, 48.9183 : 2336
49.4204, 14.0536, 44.1165 : 2337
49.4216, 23.513, 51.7437 : 2338
49.4383, 49.0828, 20.3266 : 2339
49.441, 79.7117, 52.263 : 2340
49.4419, 75.2955, 50.1109 : 2341
49.4482, 53.4132, 19.3551 : 2342
49.4486, 80.2126, 51.3433 : 2343
49.4562, 52.5765, 18.9191 : 2344
49.4598, 80.6945, 44.7191 : 2345
49.4681, 18.0145, 50.5091 : 2346
49.4694, 75.0146, 51.825 : 2347
49.4744, 49.7626, 19.4269 : 2348
49.4785, 50.8993, 19.7732 : 2349
49.4807, 50.9862, 83.7672 : 2350
49.4833, 49.6583, 54.2849 : 2351
49.4859, 49.3008, 50.3642 : 2352
49.489, 54.7174, 78.3835 : 2353
49.4898, 20.5691, 45.9231 : 2354
49.4941, 48.9656, 82.1446 : 2355
49.4974, 19.9307, 47.8668 : 2356
49.4979, 52.5887, 79.4478 : 2357
49.5004, 47.4561, 55.1597 : 2358
49.5018, 13.1082, 51.3561 : 2359
49.5022, 25.2046, 49.05 : 2360
49.5067, 50.7575, 14.07 : 2361
49.5077, 16.3751, 53.7226 : 2362
49.5104, 17.8694, 50.7535 : 2363
49.517, 22.7728, 53.2329 : 2364
49.5191, 20.8755, 52.7605 : 2365
49.5204, 46.4427, 19.726 : 2366
49.5248, 80.4568, 47.5566 : 2367
49.5256, 50.2307, 22.3294 : 2368
49.5259, 52.806, 45.1741 : 2369
49.5415, 52.3935, 78.7513 : 2370
49.5434, 81.2405, 55.1028 : 2371
49.5451, 78.7045, 44.8603 : 2372
49.5492, 46.7005, 79.0321 : 2373
49.5535, 47.8397, 80.0207 : 2374
49.5604, 82.7695, 50.8152 : 2375
49.5609, 47.1383, 46.1537 : 2376
49.5648, 83.8959, 46.6116 : 2377
49.5655, 83.2702, 49.0915 : 2378
49.5663, 45.9062, 86.924 : 2379
49.5663, 86.576, 52.8015 : 2380
49.5726, 73.6912, 45.4683 : 2381
49.574, 52.795, 79.7397 : 2382
49.5771, 44.7439, 82.6855 : 2383
49.5791, 81.8136, 49.9343 : 2384
49.5854, 50.9871, 79.7654 : 2385
49.5878, 53.9782, 23.1539 : 2386
49.5904, 55.4256, 20.2416 : 2387
49.5913, 81.5246, 51.0774 : 2388
49.5915, 15.2556, 49.2927 : 2389
49.5943, 84.4519, 54.5791 : 2390
49.5962, 53.7422, 77.0559 : 2391
49.5963, 53.5445, 80.9353 : 2392
49.5972, 48.6035, 80.9212 : 2393
49.5997, 82.7761, 46.2623 : 2394
49.6034, 50.2055, 44.6812 : 2395
49.6043, 55.1907, 46.0431 : 2396
49.6192, 51.166, 19.6833 : 2397
49.6248, 50.6546, 76.7783 : 2398
49.6254, 45.618, 21.5124 : 2399
49.6285, 54.4954, 52.7639 : 2400
49.6291, 47.8517, 55.0049 : 2401
49.6343, 49.9951, 82.8627 : 2402
49.6432, 23.1718, 45.3932 : 2403
49.6464, 46.2555, 76.0948 : 2404
49.6504, 51.1642, 51.4103 : 2405
49.6649, 55.2683, 54.4904 : 2406
49.6727, 77.4341, 45.6658 : 2407
49.6736, 21.7886, 52.1656 : 2408
49.674, 77.1904, 50.5124 : 2409
49.6765, 51.9072, 78.017 : 2410
49.6787, 23.2636, 47.5696 : 2411
49.6893, 52.636, 50.1054 : 2412
49.6984, 56.5869, 81.8371 : 2413
49.7047, 48.6475, 24.6711 : 2414
49.7176, 49.5697, 21.7726 : 2415
49.7186, 80.4765, 50.4301 : 2416
49.7201, 46.8538, 18.9607 : 2417
49.723, 80.8965, 49.129 : 2418
49.7257, 51.7852, 18.6512 : 2419
49.7301, 80.9622, 46.2351 : 2420
49.7305, 78.6961, 51.7893 : 2421
49.7329, 56.6257, 48.8146 : 2422
49.7364, 23.424, 47.7833 : 2423
49.7366, 24.2218, 48.2752 : 2424
49.7377, 50.1494, 79.0062 : 2425
49.7388, 52.219, 83.5852 : 2426
49.7405, 55.9216, 21.9347 : 2427
49.7431, 46.8185, 24.6651 : 2428
49.7436, 50.943, 86.3949 : 2429
49.7439, 54.4815, 20.3468 : 2430
49.7447, 20.0122, 51.6346 : 2431
49.7484, 17.0697, 47.8844 : 2432
49.7567, 54.1925, 17.4814 : 2433
49.7578, 20.2086, 52.094 : 2434
49.7606, 51.4587, 82.3444 : 2435
49.7633, 79.8317, 50.163 : 2436
49.766, 47.8489, 20.8399 : 2437
49.7675, 55.5952, 19.2183 : 2438
49.7811, 19.4585, 44.8129 : 2439
49.7811, 49.1227, 51.709 : 2440
49.7845, 82.5389, 46.4262 : 2441
49.7887, 78.3345, 48.0911 : 2442
49.7887, 81.8303, 46.0985 : 2443
49.7891, 48.8931, 56.2321 : 2444
49.7924, 43.7969, 79.5524 : 2445
49.7941, 53.7904, 17.2247 : 2446
49.801, 15.8477, 53.9945 : 2447
49.8041, 49.5319, 24.3197 : 2448
49.8105, 43.4348, 48.5281 : 2449
49.8115, 17.159, 48.0831 : 2450
49.824, 46.7793, 18.0407 : 2451
49.8302, 24.5733, 51.5194 : 2452
49.8311, 23.3172, 48.8563 : 2453
49.8316, 19.1266, 48.65 : 2454
49.8349, 48.0416, 74.6711 : 2455
49.8405, 77.758, 55.0248 : 2456
49.8546, 49.9414, 24.1841 : 2457
49.8574, 49.0582, 75.4385 : 2458
49.8622, 77.1495, 48.7013 : 2459
49.8731, 54.7177, 81.2549 : 2460
49.8795, 47.4904, 80.1146 : 2461
49.8813, 16.3672, 54.2098 : 2462
49.8838, 52.926, 80.5807 : 2463
49.8855, 80.1776, 47.576 : 2464
49.8892, 20.9756, 53.2854 : 2465
49.9028, 47.456, 44.7384 : 2466
49.9034, 48.1604, 77.6541 : 2467
49.9103, 51.8731, 24.7804 : 2468
49.9202, 21.1837, 50.4705 : 2469
49.9256, 45.3751, 80.5511 : 2470
49.9278, 18.9377, 51.0452 : 2471
49.9304, 79.2523, 48.6797 : 2472
49.9473, 51.0284, 56.7679 : 2473
49.9503, 44.9609, 22.0468 : 2474
49.9508, 20.9032, 46.6168 : 2475
49.9509, 51.0338, 51.4048 : 2476
49.952, 53.6965, 54.8988 : 2477
49.9531, 76.8337, 46.0513 : 2478
49.958, 48.8128, 16.8195 : 2479
49.9586, 20.7211, 50.0677 : 2480
49.9605, 44.3171, 22.8363 : 2481
49.9634, 78.0698, 48.4651 : 2482
49.9645, 49.9032, 75.151 : 2483
49.9701, 75.3913, 52.8894 : 2484
49.9706, 82.9406, 51.1045 : 2485
49.9764, 45.0666, 16.7275 : 2486
49.988, 13.916, 48.2953 : 2487
49.9913, 19.4613, 48.282 : 2488
49.9981, 78.3021, 44.7916 : 2489
49.9983, 79.9002, 49.1914 : 2490
50.0003, 52.7506, 52.8852 : 2491
50.0083, 81.7285, 53.7312 : 2492
50.0267, 19.8311, 49.1999 : 2493
50.0317, 47.0755, 17.6721 : 2494
50.0362, 54.3207, 84.6336 : 2495
50.0396, 47.2149, 21.5362 : 2496
50.0502, 21.2532, 47.0558 : 2497
50.0578, 46.184, 22.4525 : 2498
50.0585, 81.5906, 52.8824 : 2499
50.0593, 45.8796, 79.5606 : 2500
50.066, 14.985, 48.2685 : 2501
50.0667, 50.0403, 55.5413 : 2502
50.0768, 17.6775, 52.6527 : 2503
50.0859, 22.6808, 47.3954 : 2504
50.0928, 45.288, 20.1069 : 2505
50.0968, 84.4139, 51.0793 : 2506
50.0981, 25.0774, 49.1491 : 2507
50.0992, 55.2054, 52.6475 : 2508
50.1008, 51.8052, 47.1146 : 2509
50.1141, 80.4589, 50.7845 : 2510
50.1169, 17.161, 49.5585 : 2511
50.1224, 50.8541, 54.847 : 2512
50.125, 24.0216, 48.2026 : 2513
50.1288, 47.818, 15.3264 : 2514
50.1307, 52.5018, 80.8465 : 2515
50.1352, 56.4637, 78.6186 : 2516
50.1362, 15.9914, 47.9691 : 2517
50.1366, 54.9816, 79.1372 : 2518
50.1368, 53.1013, 47.2957 : 2519
50.1394, 19.3255, 52.5827 : 2520
50.1469, 45.7186, 81.1002 : 2521
50.1473, 22.1577, 53.7133 : 2522
50.1547, 20.5257, 53.1184 : 2523
50.155, 46.8211, 49.9369 : 2524
50.1705, 53.1191, 45.8321 : 2525
50.1766, 44.7517, 19.2993 : 2526
50.1769, 52.4387, 21.5504 : 2527
50.178, 25.126, 46.8855 : 2528
50.1785, 54.6242, 48.6086 : 2529
50.1879, 19.9727, 54.3083 : 2530
50.1928, 52.2189, 79.9967 : 2531
50.2026, 50.526, 58.2231 : 2532
50.2038, 24.161, 51.8061 : 2533
50.2068, 16.2403, 50.3099 : 2534
50.2137, 49.0018, 16.6293 : 2535
50.214, 55.3524, 83.9605 : 2536
50.2181, 49.9035, 48.144 : 2537
50.2185, 81.8298, 51.0563 : 2538
50.2195, 49.0451, 47.089 : 2539
50.2318, 55.0287, 17.6306 : 2540
50.2324, 19.7845, 48.1314 : 2541
50.241, 53.0001, 52.0956 : 2542
50.244, 15.5376, 47.1484 : 2543
50.2444, 48.4373, 47.7503 : 2544
50.2466, 23.3063, 51.2149 : 2545
50.2498, 25.0733, 50.5118 : 2546
50.2554, 49.5619, 78.7933 : 2547
50.2591, 17.0984, 48.8802 : 2548
50.2593, 50.817, 76.3923 : 2549
50.26, 23.4479, 46.9114 : 2550
50.2621, 49.4925, 76.6234 : 2551
50.2645, 25.161, 46.7045 : 2552
50.2661, 53.2262, 16.5438 : 2553
50.2664, 49.2762, 19.1818 : 2554
50.2764, 82.3252, 46.7784 : 2555
50.2776, 51.1641, 75.261 : 2556
50.2776, 81.2728, 45.3974 : 2557
50.2801, 81.9365, 51.8635 : 2558
50.283, 17.7694, 51.7188 : 2559
50.2876, 48.0772, 53.4008 : 2560
50.2934, 48.718, 51.888 : 2561
50.2996, 17.9028, 55.4954 : 2562
50.3127, 49.2118, 19.6234 : 2563
50.314, 51.786, 51.753 : 2564
50.3264, 50.04, 49.461 : 2565
50.3287, 50.7722, 17.8477 : 2566
50.329, 45.8505, 51.6671 : 2567
50.3311, 45.626, 22.496 : 2568
50.3315, 21.4029, 48.4932 : 2569
50.3349, 80.1407, 49.5626 : 2570
50.3468, 54.4962, 13.5092 : 2571
50.3487, 17.1268, 50.6149 : 2572
50.3541, 46.9391, 18.9865 : 2573
50.3561, 44.7512, 48.4048 : 2574
50.3593, 81.2087, 45.914 : 2575
50.3606, 48.4982, 48.525 : 2576
50.3649, 51.6705, 23.3417 : 2577
50.3699, 49.7867, 50.3511 : 2578
50.3799, 51.6024, 19.5777 : 2579
50.3812, 52.8598, 49.0879 : 2580
50.3876, 84.8333, 55.4251 : 2581
50.3952, 48.8592, 55.2572 : 2582
50.3967, 49.4876, 49.6491 : 2583
50.3972, 54.5277, 77.0823 : 2584
50.3992, 48.8642, 79.0403 : 2585
50.4019, 43.2294, 15.9543 : 2586
50.4035, 24.9871, 49.3505 : 2587
50.4047, 82.5205, 49.6449 : 2588
50.4092, 48.2205, 53.9773 : 2589
50.4146, 48.4508, 51.407 : 2590
50.4158, 22.6572, 44.5647 : 2591
50.418, 47.7835, 49.089 : 2592
50.4217, 16.1912, 50.1163 : 2593
50.4237, 83.6249, 52.0069 : 2594
50.4337, 47.4446, 15.8992 : 2595
50.4408, 75.4978, 48.4753 : 2596
50.4466, 42.4594, 51.0901 : 2597
50.4565, 55.8606, 81.5123 : 2598
50.4583, 20.538, 44.8257 : 2599
50.4705, 22.8037, 53.1381 : 2600
50.4714, 53.5544, 80.8718 : 2601
50.4764, 46.0975, 78.7977 : 2602
50.4774, 51.7179, 79.0686 : 2603
50.479, 51.8491, 16.1773 : 2604
50.4792, 50.0772, 18.1961 : 2605
50.4894, 49.8848, 45.9541 : 2606
50.4908, 47.3159, 19.5647 : 2607
50.4936, 49.7084, 78.6878 : 2608
50.4943, 53.8901, 19.791 : 2609
50.4975, 48.5338, 18.4099 : 2610
50.5003, 55.4245, 51.63 : 2611
50.5051, 48.8679, 15.2365 : 2612
50.509, 20.0157, 47.0524 : 2613
50.5169, 51.2517, 77.4476 : 2614
50.5231, 52.6709, 47.5772 : 2615
50.5308, 53.0136, 55.6765 : 2616
50.5382, 80.1366, 47.9684 : 2617
50.5384, 49.9265, 47.4204 : 2618
50.5399, 51.6383, 49.2903 : 2619
50.5408, 53.7079, 76.1235 : 2620
50.5486, 46.9076, 19.0089 : 2621
50.5492, 75.3251, 58.6929 : 2622
50.5497, 55.6522, 77.684 : 2623
50.5498, 49.3389, 24.3519 : 2624
50.5542, 79.2387, 46.8646 : 2625
50.5575, 48.3448, 52.9082 : 2626
50.558, 76.0875, 50.9989 : 2627
50.5582, 77.0149, 49.827 : 2628
50.559, 52.75, 50.3568 : 2629
50.561, 49.6052, 47.5146 : 2630
50.5626, 52.7554, 81.359 : 2631
50.5661, 81.7679, 51.8895 : 2632
50.5669, 21.9437, 51.6975 : 2633
50.5692, 50.9805, 48.3024 : 2634
50.5753, 46.9087, 21.8666 : 2635
50.5773, 52.1853, 49.2301 : 2636
50.5794, 22.8011, 48.831 : 2637
50.5828, 49.0282, 19.0073 : 2638
50.5836, 75.1567, 49.6378 : 2639
50.5852, 50.1423, 52.7428 : 2640
50.5945, 50.0553, 14.6427 : 2641
50.5984, 19.5861, 50.2156 : 2642
50.6106, 53.1204, 47.9128 : 2643
50.6249, 19.9547, 53.8378 : 2644
50.6277, 86.4289, 53.3176 : 2645
50.6313, 48.4048, 17.0487 : 2646
50.6325, 54.3173, 47.1028 : 2647
50.6405, 47.5988, 78.8955 : 2648
50.6422, 23.5283, 46.0626 : 2649
50.6514, 81.3347, 50.2794 : 2650
50.6547, 22.4485, 46.1743 : 2651
50.6552, 50.9194, 86.1326 : 2652
50.6561, 17.1684, 51.3386 : 2653
50.6565, 18.7706, 50.4903 : 2654
50.6565, 51.7525, 85.3193 : 2655
50.661, 50.4668, 51.5176 : 2656
50.673, 53.0013, 79.0441 : 2657
50.6781, 49.1096, 17.3759 : 2658
50.6799, 49.3062, 18.3293 : 2659
50.6801, 14.3334, 50.8053 : 2660
50.692, 47.9901, 48.9872 : 2661
50.6926, 43.6998, 77.729 : 2662
50.6926, 50.9979, 49.8669 : 2663
50.7001, 79.7967, 48.9537 : 2664
50.701, 52.788, 21.7596 : 2665
50.7085, 54.3352, 43.7702 : 2666
50.7177, 49.4893, 53.6343 : 2667
50.7197, 54.9095, 84.4272 : 2668
50.7218, 84.5064, 52.2687 : 2669
50.7232, 46.4149, 18.5938 : 2670
50.7279, 51.8723, 19.9516 : 2671
50.7329, 50.1713, 76.3972 : 2672
50.7337, 50.785, 79.1877 : 2673
50.7337, 80.6952, 52.7235 : 2674
50.7396, 81.8865, 50.3085 : 2675
50.7436, 44.5161, 46.2642 : 2676
50.7438, 73.2602, 52.4402 : 2677
50.7562, 15.4204, 47.7803 : 2678
50.7591, 17.5619, 50.4607 : 2679
50.7661, 82.4601, 55.3398 : 2680
50.7699, 81.9711, 49.0014 : 2681
50.7721, 45.1065, 15.1802 : 2682
50.7773, 19.5449, 47.7751 : 2683
50.7816, 51.4391, 51.1553 : 2684
50.7867, 47.1757, 21.4088 : 2685
50.7887, 53.597, 50.919 : 2686
50.7976, 16.5933, 48.0994 : 2687
50.7977, 85.2882, 49.0045 : 2688
50.7992, 16.3495, 52.5755 : 2689
50.7994, 47.4567, 19.5885 : 2690
50.8006, 18.569, 50.4688 : 2691
50.8085, 77.4308, 51.2363 : 2692
50.8097, 53.0744, 50.4938 : 2693
50.8103, 52.425, 84.7318 : 2694
50.8197, 83.2139, 48.4808 : 2695
50.8223, 49.8375, 49.7806 : 2696
50.8327, 51.3549, 48.4836 : 2697
50.8416, 52.9276, 17.3033 : 2698
50.8436, 82.0468, 51.8408 : 2699
50.8447, 80.6092, 51.3174 : 2700
50.8451, 50.4776, 49.8255 : 2701
50.8465, 52.9726, 46.6875 : 2702
50.8515, 75.9777, 48.6853 : 2703
50.8616, 50.2013, 54.9259 : 2704
50.8651, 20.7801, 48.6012 : 2705
50.866, 48.2768, 19.01 : 2706
50.8876, 40.5818, 46.3224 : 2707
50.8916, 52.8524, 82.0301 : 2708
50.8937, 47.8993, 48.6446 : 2709
50.8974, 52.2685, 86.6437 : 2710
50.9046, 23.4639, 47.2419 : 2711
50.9062, 51.3151, 75.4399 : 2712
50.911, 51.3979, 17.7987 : 2713
50.9149, 17.7255, 51.6084 : 2714
50.9229, 48.7593, 85.9146 : 2715
50.924, 73.7199, 47.9279 : 2716
50.9393, 55.4976, 20.4537 : 2717
50.9453, 53.3336, 81.1558 : 2718
50.9484, 19.9115, 52.0529 : 2719
50.9594, 18.4652, 56.1939 : 2720
50.9732, 50.3961, 77.6924 : 2721
50.9733, 51.3249, 49.1884 : 2722
50.9751, 51.5525, 22.6253 : 2723
50.9787, 18.6115, 47.2482 : 2724
50.9823, 49.0734, 48.4634 : 2725
50.9827, 20.4002, 50.9459 : 2726
50.9894, 52.4892, 82.7409 : 2727
50.9941, 53.961, 17.8178 : 2728
50.9956, 19.8287, 56.6998 : 2729
50.9965, 21.0663, 52.3093 : 2730
51.0005, 76.2067, 52.4494 : 2731
51.0049, 50.2629, 21.9923 : 2732
51.0067, 56.0342, 76.0036 : 2733
51.0076, 50.7701, 21.2056 : 2734
51.0141, 52.9925, 84.3751 : 2735
51.0175, 82.5866, 51.3139 : 2736
51.0196, 50.5193, 80.7935 : 2737
51.022, 56.7899, 50.3263 : 2738
51.0223, 48.7603, 49.6126 : 2739
51.0295, 47.6441, 81.3199 : 2740
51.0308, 17.7103, 48.9628 : 2741
51.041, 45.555, 81.4224 : 2742
51.0439, 79.0372, 48.7367 : 2743
51.0581, 44.9411, 22.8616 : 2744
51.0618, 17.9213, 51.537 : 2745
51.066, 84.0962, 48.2135 : 2746
51.072, 49.1702, 47.8564 : 2747
51.0767, 50.2208, 21.7521 : 2748
51.082, 81.1663, 43.4581 : 2749
51.083, 52.4429, 76.7743 : 2750
51.0954, 48.7297, 25.5352 : 2751
51.0963, 50.374, 74.7391 : 2752
51.0973, 45.7356, 51.8097 : 2753
51.0996, 52.0826, 47.0327 : 2754
51.1005, 50.5092, 44.9379 : 2755
51.1068, 79.9301, 53.6549 : 2756
51.1103, 49.2609, 78.8401 : 2757
51.119, 23.5242, 47.3925 : 2758
51.1324, 18.9737, 48.2961 : 2759
51.1363, 48.4031, 16.4428 : 2760
51.1384, 50.4463, 21.2014 : 2761
51.1464, 21.2018, 46.008 : 2762
51.1513, 48.5973, 49.9982 : 2763
51.1578, 50.7215, 80.3251 : 2764
51.1637, 84.5373, 45.2644 : 2765
51.1658, 24.9901, 56.4205 : 2766
51.1672, 46.339, 77.4266 : 2767
51.1711, 15.6048, 54.6881 : 2768
51.1718, 45.6485, 12.5882 : 2769
51.1761, 20.6259, 52.569 : 2770
51.1808, 23.7736, 49.9772 : 2771
51.1841, 52.4395, 83.3837 : 2772
51.198, 45.7174, 16.7628 : 2773
51.2009, 80.3989, 47.7949 : 2774
51.2017, 54.9764, 75.092 : 2775
51.2112, 76.6367, 53.9941 : 2776
51.2158, 53.7885, 77.5182 : 2777
51.2211, 21.109, 51.9197 : 2778
51.2221, 79.646, 51.7676 : 2779
51.2325, 54.3006, 77.411 : 2780
51.248, 88.367, 46.8635 : 2781
51.2486, 78.0739, 56.9683 : 2782
51.2495, 50.2009, 16.94 : 2783
51.2534, 51.5493, 82.3615 : 2784
51.2589, 45.8315, 49.3896 : 2785
51.2612, 58.0479, 54.875 : 2786
51.2619, 50.729, 80.8697 : 2787
51.263, 53.7418, 53.4776 : 2788
51.2684, 47.9075, 47.9009 : 2789
51.2732, 20.5519, 48.786 : 2790
51.2753, 53.0506, 23.1117 : 2791
51.2785, 18.2688, 47.6048 : 2792
51.2834, 21.6227, 47.0755 : 2793
51.2855, 18.307, 47.2534 : 2794
51.2974, 21.8989, 50.6397 : 2795
51.3062, 45.057, 22.0819 : 2796
51.3066, 49.9647, 45.3092 : 2797
51.3209, 80.2274, 45.6566 : 2798
51.3239, 76.8662, 48.224 : 2799
51.3373, 15.6687, 47.555 : 2800
51.3417, 50.6809, 26.6061 : 2801
51.3452, 50.828, 46.0028 : 2802
51.348, 80.9093, 50.6897 : 2803
51.3558, 81.1606, 51.1304 : 2804
51.3694, 80.0193, 53.4704 : 2805
51.3702, 25.9829, 46.621 : 2806
51.3702, 53.449, 52.4439 : 2807
51.3812, 47.2463, 12.5644 : 2808
51.3832, 79.0572, 46.1467 : 2809
51.3833, 54.0383, 14.2302 : 2810
51.3876, 16.9727, 53.9274 : 2811
51.3893, 51.1341, 21.6694 : 2812
51.3948, 20.3352, 48.8052 : 2813
51.3959, 44.6779, 50.3687 : 2814
51.3969, 45.5675, 78.5087 : 2815
51.3972, 23.8907, 51.2868 : 2816
51.3991, 18.004, 50.4884 : 2817
51.4016, 84.9397, 43.9222 : 2818
51.4026, 49.1378, 81.6969 : 2819
51.4074, 52.6794, 53.5647 : 2820
51.4146, 46.2332, 75.1412 : 2821
51.4177, 51.3484, 48.4688 : 2822
51.4218, 50.4673, 16.6173 : 2823
51.4337, 53.001, 77.0908 : 2824
51.436, 50.3632, 21.2373 : 2825
51.4383, 80.5593, 51.5382 : 2826
51.4385, 21.1871, 50.7352 : 2827
51.4434, 16.7002, 50.8102 : 2828
51.4469, 49.8516, 80.5541 : 2829
51.4496, 45.4872, 48.9839 : 2830
51.4649, 17.7217, 48.5078 : 2831
51.4677, 48.2497, 77.5239 : 2832
51.4773, 51.8356, 26.1214 : 2833
51.4803, 47.0948, 21.4195 : 2834
51.4805, 17.1303, 44.262 : 2835
51.4877, 48.2996, 19.494 : 2836
51.4882, 51.9466, 77.4091 : 2837
51.4905, 52.8446, 79.1783 : 2838
51.4925, 48.3226, 51.9171 : 2839
51.4942, 45.1065, 79.141 : 2840
51.4956, 78.2488, 55.1889 : 2841
51.4995, 50.475, 75.1093 : 2842
51.5025, 52.7308, 48.5027 : 2843
51.5177, 45.5242, 20.335 : 2844
51.5224, 75.3614, 46.3486 : 2845
51.5269, 78.7347, 48.8025 : 2846
51.5328, 55.0263, 19.2774 : 2847
51.5362, 77.4444, 54.0417 : 2848
51.5391, 19.846, 44.6746 : 2849
51.5404, 48.4757, 50.7298 : 2850
51.5408, 52.9835, 52.5165 : 2851
51.5409, 80.7334, 50.8332 : 2852
51.554, 51.9313, 76.1584 : 2853
51.556, 46.5578, 20.2194 : 2854
51.5564, 84.3973, 46.5013 : 2855
51.5616, 52.5683, 53.9278 : 2856
51.5625, 46.7574, 17.7799 : 2857
51.5663, 51.2145, 80.0378 : 2858
51.5677, 46.306, 82.3915 : 2859
51.5688, 20.6773, 54.6274 : 2860
51.5855, 46.0586, 50.1196 : 2861
51.5904, 47.7178, 80.4111 : 2862
51.5931, 72.7933, 47.9487 : 2863
51.5954, 48.2813, 76.4854 : 2864
51.6133, 84.5503, 44.9526 : 2865
51.6139, 19.5141, 49.9068 : 2866
51.6184, 17.484, 53.1985 : 2867
51.6188, 44.8702, 21.2528 : 2868
51.6304, 19.5171, 51.7661 : 2869
51.6374, 83.347, 49.9841 : 2870
51.6493, 57.048, 49.5141 : 2871
51.669, 50.6377, 82.5215 : 2872
51.6781, 22.3025, 49.683 : 2873
51.6874, 49.8618, 48.7467 : 2874
51.6904, 48.1322, 53.2977 : 2875
51.6921, 43.2693, 49.8741 : 2876
51.6983, 52.0399, 51.494 : 2877
51.7045, 81.3372, 44.2707 : 2878
51.7191, 50.3541, 81.1696 : 2879
51.7199, 51.7473, 54.4071 : 2880
51.7226, 47.6953, 79.0566 : 2881
51.7259, 55.6806, 48.2443 : 2882
51.7288, 75.5496, 49.3695 : 2883
51.7298, 77.5835, 51.5262 : 2884
51.7309, 18.6295, 50.733 : 2885
51.7315, 21.9326, 45.9543 : 2886
51.7332, 14.5581, 49.929 : 2887
51.741, 49.6272, 15.9372 : 2888
51.7427, 77.4062, 53.5551 : 2889
51.7503, 49.9056, 19.1349 : 2890
51.763, 46.7379, 42.736 : 2891
51.7637, 52.9186, 79.6363 : 2892
51.765, 49.2232, 78.6959 : 2893
51.7664, 53.9499, 50.9482 : 2894
51.7667, 53.8924, 50.5033 : 2895
51.7692, 47.4866, 55.6597 : 2896
51.7726, 46.7392, 82.3335 : 2897
51.7765, 49.4592, 82.1665 : 2898
51.7814, 50.3367, 84.4575 : 2899
51.7881, 19.2546, 41.6774 : 2900
51.7906, 49.76, 52.1911 : 2901
51.7949, 46.9984, 22.3023 : 2902
51.8153, 49.4411, 45.1817 : 2903
51.8202, 46.8203, 49.1396 : 2904
51.8215, 52.0106, 89.3478 : 2905
51.8257, 49.6923, 84.9436 : 2906
51.8273, 12.1985, 53.2284 : 2907
51.8282, 55.4609, 76.9009 : 2908
51.8345, 51.9167, 48.9362 : 2909
51.8437, 82.1073, 48.2893 : 2910
51.846, 49.601, 83.9337 : 2911
51.8638, 47.2106, 20.0707 : 2912
51.8714, 20.5218, 48.2562 : 2913
51.8844, 76.6157, 48.697 : 2914
51.9022, 81.0508, 47.8201 : 2915
51.9065, 44.5062, 46.815 : 2916
51.908, 47.389, 46.1935 : 2917
51.9112, 50.1158, 54.824 : 2918
51.9247, 50.035, 52.2078 : 2919
51.9271, 20.6006, 50.6377 : 2920
51.9367, 22.8159, 53.389 : 2921
51.9416, 54.297, 49.3005 : 2922
51.9485, 50.0475, 52.3462 : 2923
51.9503, 80.6658, 46.6904 : 2924
51.955, 47.7414, 20.4851 : 2925
51.9579, 47.7008, 81.0119 : 2926
51.9605, 48.9136, 80.9704 : 2927
51.9631, 81.2801, 60.5817 : 2928
51.9643, 54.1344, 81.5425 : 2929
51.9697, 19.2481, 52.4261 : 2930
51.97, 49.0438, 54.0384 : 2931
51.9728, 48.3696, 15.5122 : 2932
51.9741, 50.7052, 79.9863 : 2933
51.977, 21.3019, 45.4608 : 2934
51.977, 46.9484, 48.9219 : 2935
51.9789, 44.4618, 14.0048 : 2936
51.9853, 21.6194, 54.4545 : 2937
51.995, 51.0613, 72.9237 : 2938
52.0053, 79.7054, 49.7383 : 2939
52.017, 51.3628, 49.5481 : 2940
52.0223, 47.4853, 17.0614 : 2941
52.0224, 81.2414, 46.7185 : 2942
52.0241, 52.3656, 76.1468 : 2943
52.0249, 16.0028, 42.5039 : 2944
52.0346, 46.5111, 82.3324 : 2945
52.0359, 13.9423, 51.549 : 2946
52.0429, 52.5926, 19.2014 : 2947
52.0457, 51.2073, 77.722 : 2948
52.0501, 53.9214, 79.1212 : 2949
52.0514, 46.5536, 18.912 : 2950
52.0582, 51.4072, 79.302 : 2951
52.0704, 78.4315, 50.684 : 2952
52.0716, 55.9858, 45.0629 : 2953
52.0728, 47.7452, 45.9894 : 2954
52.0759, 77.3635, 48.9378 : 2955
52.0793, 48.7303, 54.4994 : 2956
52.0807, 78.0134, 58.656 : 2957
52.0968, 82.3552, 51.3724 : 2958
52.0991, 80.4979, 46.2559 : 2959
52.1016, 49.7621, 23.7055 : 2960
52.1059, 81.4656, 56.6144 : 2961
52.1066, 49.3062, 83.2688 : 2962
52.111, 84.3943, 50.0292 : 2963
52.1192, 51.2058, 78.6428 : 2964
52.1207, 52.4341, 19.3591 : 2965
52.1231, 47.1698, 77.9511 : 2966
52.1261, 42.9421, 20.4491 : 2967
52.1279, 51.9883, 48.0007 : 2968
52.1323, 52.773, 80.6803 : 2969
52.1364, 49.9391, 22.1705 : 2970
52.1387, 53.9513, 80.4348 : 2971
52.1407, 44.0533, 85.5742 : 2972
52.1422, 56.0011, 25.8771 : 2973
52.1447, 52.2378, 78.391 : 2974
52.1466, 48.549, 19.3976 : 2975
52.1609, 49.3999, 17.3931 : 2976
52.1687, 55.767, 83.0338 : 2977
52.1746, 56.0018, 17.2484 : 2978
52.181, 50.9513, 21.394 : 2979
52.1952, 20.7387, 52.9284 : 2980
52.2014, 55.4681, 19.2413 : 2981
52.2017, 82.8571, 49.1614 : 2982
52.2087, 82.8113, 52.3691 : 2983
52.2156, 53.9017, 74.006 : 2984
52.2214, 19.3691, 50.6088 : 2985
52.2229, 20.4144, 47.5634 : 2986
52.2242, 49.7611, 18.5875 : 2987
52.2275, 16.772, 51.7283 : 2988
52.2527, 48.6886, 18.7174 : 2989
52.2593, 43.3144, 48.3186 : 2990
52.2618, 47.8176, 18.7822 : 2991
52.2781, 50.0617, 82.2981 : 2992
52.2789, 78.976, 52.3617 : 2993
52.28, 19.8312, 50.0353 : 2994
52.291, 52.4815, 81.1359 : 2995
52.293, 23.0876, 52.1527 : 2996
52.2975, 48.0963, 81.8792 : 2997
52.2977, 50.4363, 17.418 : 2998
52.2989, 49.6218, 84.2998 : 2999
52.2999, 76.2051, 47.8436 : 3000
52.3017, 79.1924, 46.6718 : 3001
52.3023, 77.5064, 47.7163 : 3002
52.3025, 56.5926, 23.2033 : 3003
52.3131, 49.7982, 51.7952 : 3004
52.3153, 21.8409, 46.1889 : 3005
52.3181, 51.3931, 77.1968 : 3006
52.3262, 51.6245, 20.4555 : 3007
52.3285, 49.1795, 22.6877 : 3008
52.3422, 46.9591, 20.6128 : 3009
52.3537, 45.3754, 78.3342 : 3010
52.3634, 19.4128, 48.8588 : 3011
52.3688, 80.1065, 47.4682 : 3012
52.3719, 74.0148, 48.1862 : 3013
52.3811, 57.2419, 79.4623 : 3014
52.394, 45.6641, 19.3264 : 3015
52.397, 78.9913, 45.0963 : 3016
52.409, 53.9762, 50.315 : 3017
52.4103, 77.9753, 48.7518 : 3018
52.4111, 53.3123, 76.4675 : 3019
52.4238, 48.0598, 20.4713 : 3020
52.4316, 18.2683, 51.077 : 3021
52.4414, 48.9904, 49.5782 : 3022
52.4414, 51.9591, 53.3153 : 3023
52.442, 76.8764, 51.1135 : 3024
52.4493, 25.5985, 48.284 : 3025
52.4534, 84.5595, 49.7524 : 3026
52.4681, 47.6482, 52.1062 : 3027
52.4766, 83.7258, 47.6893 : 3028
52.4774, 84.6046, 50.3384 : 3029
52.4784, 52.5887, 22.5759 : 3030
52.4967, 47.4444, 45.7384 : 3031
52.4988, 17.1481, 49.5608 : 3032
52.5015, 45.622, 79.2957 : 3033
52.5073, 43.8775, 49.9771 : 3034
52.5122, 20.2636, 53.364 : 3035
52.5183, 48.4827, 84.1192 : 3036
52.5198, 51.9527, 21.449 : 3037
52.5201, 31.597, 48.0363 : 3038
52.5222, 75.5638, 46.6178 : 3039
52.523, 21.9607, 50.2983 : 3040
52.5292, 19.9553, 51.8564 : 3041
52.5376, 15.2837, 52.4512 : 3042
52.5376, 52.6017, 17.861 : 3043
52.5475, 21.3792, 45.6961 : 3044
52.5488, 47.4313, 50.2037 : 3045
52.5508, 20.8007, 51.7031 : 3046
52.5539, 81.3015, 54.993 : 3047
52.5546, 81.3771, 49.8204 : 3048
52.5562, 75.7376, 45.3675 : 3049
52.5673, 48.975, 21.8522 : 3050
52.5734, 50.0785, 84.1844 : 3051
52.5741, 82.6487, 50.3197 : 3052
52.5792, 56.721, 82.3187 : 3053
52.6001, 54.4313, 78.0437 : 3054
52.6048, 74.6827, 51.6032 : 3055
52.605, 24.6503, 42.92 : 3056
52.6143, 49.075, 18.475 : 3057
52.6235, 82.9521, 51.8703 : 3058
52.6251, 75.1799, 49.8948 : 3059
52.6294, 21.2693, 51.413 : 3060
52.6338, 52.8637, 16.5366 : 3061
52.6399, 20.6528, 47.6853 : 3062
52.6467, 49.7793, 83.0353 : 3063
52.6469, 55.0575, 17.0043 : 3064
52.6686, 21.1338, 47.0484 : 3065
52.6696, 46.5562, 17.8973 : 3066
52.6817, 52.141, 21.7526 : 3067
52.6822, 16.1967, 53.5085 : 3068
52.6828, 18.382, 52.4703 : 3069
52.6849, 26.6074, 54.634 : 3070
52.6906, 48.5611, 80.3851 : 3071
52.6943, 46.0418, 44.264 : 3072
52.6957, 17.9356, 53.1168 : 3073
52.7028, 20.4823, 51.6685 : 3074
52.7055, 48.8825, 76.2311 : 3075
52.7119, 52.5159, 20.23 : 3076
52.7138, 18.0427, 49.4192 : 3077
52.7189, 51.1997, 18.7104 : 3078
52.7261, 77.0926, 50.8285 : 3079
52.73, 49.9548, 83.5096 : 3080
52.732, 50.3176, 47.866 : 3081
52.733, 50.9381, 79.1101 : 3082
52.7337, 47.2726, 47.0958 : 3083
52.7343, 51.3744, 53.901 : 3084
52.7355, 48.7237, 73.1153 : 3085
52.7368, 50.8496, 55.7148 : 3086
52.7432, 48.4905, 50.2931 : 3087
52.7466, 50.3771, 47.9593 : 3088
52.7471, 50.1013, 50.9372 : 3089
52.75, 53.7259, 78.7769 : 3090
52.7536, 81.2208, 47.4919 : 3091
52.7558, 50.7184, 73.7553 : 3092
52.7729, 49.4926, 18.1046 : 3093
52.7963, 52.063, 47.5866 : 3094
52.7976, 79.989, 47.7233 : 3095
52.7987, 47.7168, 49.7942 : 3096
52.8058, 46.4582, 25.7035 : 3097
52.8182, 78.5993, 50.8377 : 3098
52.8229, 45.6703, 19.9764 : 3099
52.8319, 53.7645, 22.5602 : 3100
52.8444, 16.2425, 52.6815 : 3101
52.8605, 56.2408, 18.7136 : 3102
52.8729, 47.8511, 18.2761 : 3103
52.875, 80.9352, 48.3671 : 3104
52.8922, 16.3074, 44.4859 : 3105
52.9016, 22.3964, 44.0142 : 3106
52.905, 45.8469, 78.7267 : 3107
52.909, 48.8668, 50.0372 : 3108
52.9097, 79.7879, 51.0276 : 3109
52.9135, 81.7119, 53.8715 : 3110
52.9232, 77.7089, 49.5278 : 3111
52.9325, 46.7763, 45.4143 : 3112
52.9407, 49.9612, 81.4379 : 3113
52.9463, 47.3548, 83.5846 : 3114
52.9476, 50.2922, 47.1722 : 3115
52.9706, 21.0641, 49.0853 : 3116
52.978, 44.7012, 46.1927 : 3117
52.9864, 54.2557, 19.5434 : 3118
52.992, 78.7015, 55.1722 : 3119
53, 51.2238, 51.77 : 3120
53.0021, 79.4654, 49.8771 : 3121
53.0057, 81.9436, 53.5062 : 3122
53.0108, 45.7644, 51.3399 : 3123
53.0205, 24.0578, 52.2194 : 3124
53.0354, 50.8468, 50.4537 : 3125
53.0362, 42.2364, 18.4895 : 3126
53.0449, 19.6512, 49.6257 : 3127
53.0537, 22.3563, 46.2457 : 3128
53.0673, 22.3973, 48.868 : 3129
53.0738, 50.5292, 49.4396 : 3130
53.0743, 49.5338, 81.734 : 3131
53.0776, 49.1663, 52.3725 : 3132
53.0789, 79.6024, 49.7726 : 3133
53.0903, 79.9917, 51.2759 : 3134
53.0945, 51.5874, 79.1909 : 3135
53.0951, 50.7836, 19.9923 : 3136
53.1052, 49.2465, 82.943 : 3137
53.118, 78.6956, 46.1848 : 3138
53.1232, 17.1309, 51.6117 : 3139
53.1322, 53.729, 19.5712 : 3140
53.1361, 49.5304, 51.0217 : 3141
53.1383, 53.5547, 21.9685 : 3142
53.1385, 79.6932, 56.0252 : 3143
53.1527, 44.9378, 80.9602 : 3144
53.1571, 81.2389, 46.288 : 3145
53.1868, 49.1212, 18.9884 : 3146
53.1905, 56.9862, 18.2106 : 3147
53.2069, 51.651, 49.4149 : 3148
53.2092, 48.9923, 21.2088 : 3149
53.2131, 78.2576, 57.2627 : 3150
53.2226, 50.0035, 51.0644 : 3151
53.2243, 50.3778, 18.2431 : 3152
53.2364, 78.2867, 50.1434 : 3153
53.2415, 78.6003, 50.7967 : 3154
53.2442, 18.2158, 52.4097 : 3155
53.2491, 80.7834, 52.9015 : 3156
53.2876, 52.6549, 46.7801 : 3157
53.3119, 53.0479, 19.4255 : 3158
53.3143, 25.6516, 53.4009 : 3159
53.3282, 53.6757, 18.3428 : 3160
53.3364, 19.4963, 47.7041 : 3161
53.3487, 46.021, 80.2137 : 3162
53.3615, 49.2238, 79.6017 : 3163
53.3631, 81.5751, 49.946 : 3164
53.3684, 19.2155, 50.6582 : 3165
53.3714, 16.9639, 46.8395 : 3166
53.372, 49.5931, 81.5267 : 3167
53.3923, 80.4989, 52.3432 : 3168
53.3953, 49.3535, 77.4766 : 3169
53.4056, 86.7132, 45.2473 : 3170
53.4258, 19.7992, 44.1499 : 3171
53.4342, 48.1788, 48.9262 : 3172
53.4414, 78.6649, 51.1508 : 3173
53.4583, 79.1972, 50.5105 : 3174
53.489, 80.9248, 46.5742 : 3175
53.4906, 51.7602, 23.9457 : 3176
53.5014, 52.3962, 22.7557 : 3177
53.5055, 51.6496, 49.4007 : 3178
53.5108, 50.227, 85.3416 : 3179
53.5134, 50.6326, 24.2844 : 3180
53.5148, 46.4481, 54.483 : 3181
53.5266, 52.1013, 51.9218 : 3182
53.5286, 51.98, 18.1221 : 3183
53.5294, 79.4454, 50.4641 : 3184
53.5577, 49.5226, 80.9202 : 3185
53.5634, 45.2826, 44.1762 : 3186
53.5814, 15.3518, 50.6467 : 3187
53.582, 20.0115, 44.7766 : 3188
53.5939, 51.1665, 77.8906 : 3189
53.594, 20.0043, 48.0668 : 3190
53.6069, 78.121, 52.7314 : 3191
53.6138, 81.4181, 48.9109 : 3192
53.6158, 80.0234, 51.7079 : 3193
53.6255, 20.1771, 52.5402 : 3194
53.6268, 84.8675, 55.1718 : 3195
53.6344, 20.2693, 48.9669 : 3196
53.6413, 18.8697, 49.0052 : 3197
53.6429, 76.5967, 47.2281 : 3198
53.6449, 49.7585, 21.8676 : 3199
53.6499, 53.2774, 79.6052 : 3200
53.654, 54.3573, 20.1177 : 3201
53.6588, 51.4202, 21.9187 : 3202
53.6589, 53.8801, 80.3049 : 3203
53.6937, 80.8807, 49.4615 : 3204
53.7068, 54.1905, 46.3723 : 3205
53.712, 48.5651, 22.8942 : 3206
53.7121, 23.5623, 47.533 : 3207
53.7135, 51.1848, 77.4848 : 3208
53.7429, 51.1939, 77.1872 : 3209
53.7444, 41.1174, 19.053 : 3210
53.7472, 17.1911, 53.3999 : 3211
53.761, 49.3969, 78.5003 : 3212
53.7788, 49.2386, 19.6123 : 3213
53.7824, 48.9678, 44.9991 : 3214
53.7864, 18.1226, 51.4815 : 3215
53.7889, 22.2577, 46.2525 : 3216
53.7889, 46.8464, 16.7234 : 3217
53.7947, 82.0885, 49.7421 : 3218
53.7961, 58.7583, 79.2404 : 3219
53.7972, 48.8455, 83.1752 : 3220
53.7986, 16.2123, 49.3672 : 3221
53.8176, 51.5996, 80.9114 : 3222
53.819, 51.7731, 51.1618 : 3223
53.822, 41.2235, 16.144 : 3224
53.8241, 52.6027, 50.1118 : 3225
53.8303, 19.624, 41.8962 : 3226
53.8319, 54.4302, 23.2724 : 3227
53.8333, 22.8779, 50.8204 : 3228
53.834, 20.3169, 52.6202 : 3229
53.8449, 43.7524, 19.9828 : 3230
53.8669, 19.9898, 42.4816 : 3231
53.8836, 21.0603, 46.369 : 3232
53.8959, 19.2705, 52.6928 : 3233
53.8994, 19.6725, 52.8052 : 3234
53.9053, 46.7779, 78.2222 : 3235
53.9323, 46.4202, 51.1648 : 3236
53.9392, 76.825, 49.6072 : 3237
53.9503, 78.299, 52.7514 : 3238
53.965, 46.8256, 48.3215 : 3239
53.9695, 54.1359, 51.3605 : 3240
53.973, 50.8326, 79.3442 : 3241
54.0185, 46.5182, 47.6985 : 3242
54.0432, 45.9894, 78.7743 : 3243
54.0447, 18.0651, 49.3027 : 3244
54.0584, 75.5781, 57.5707 : 3245
54.0587, 46.2513, 52.993 : 3246
54.074, 48.4588, 23.9692 : 3247
54.0877, 49.5694, 49.18 : 3248
54.0976, 49.5247, 81.7656 : 3249
54.1267, 46.8618, 75.9236 : 3250
54.1543, 50.8113, 22.4788 : 3251
54.1637, 22.4648, 54.5922 : 3252
54.1637, 52.3888, 49.0352 : 3253
54.17, 54.5932, 78.1836 : 3254
54.1767, 46.7088, 82.7908 : 3255
54.196, 51.7254, 88.4062 : 3256
54.2391, 48.9662, 16.6077 : 3257
54.2449, 52.9687, 80.1276 : 3258
54.2497, 50.4169, 21.5204 : 3259
54.2692, 81.0491, 51.8273 : 3260
54.2717, 80.3945, 48.4909 : 3261
54.2945, 46.0654, 52.4561 : 3262
54.3262, 20.2832, 49.5494 : 3263
54.3456, 49.9029, 16.107 : 3264
54.3816, 51.4957, 25.4303 : 3265
54.4435, 76.8042, 46.3417 : 3266
54.4439, 51.3156, 77.2491 : 3267
54.463, 47.7223, 43.6634 : 3268
54.4668, 47.6241, 21.0624 : 3269
54.4758, 52.0359, 51.3265 : 3270
54.4867, 48.9879, 18.6315 : 3271
54.4868, 81.3346, 45.2357 : 3272
54.4936, 81.1227, 47.5345 : 3273
54.5061, 52.1396, 51.8213 : 3274
54.5247, 50.2777, 52.1387 : 3275
54.5265, 49.1769, 81.705 : 3276
54.5478, 48.9962, 22.0588 : 3277
54.5512, 51.4043, 78.1392 : 3278
54.5881, 52.5717, 48.1716 : 3279
54.5905, 53.676, 47.077 : 3280
54.6102, 49.6488, 50.6134 : 3281
54.6158, 20.1186, 48.8899 : 3282
54.6224, 73.9148, 52.0594 : 3283
54.628, 51.931, 49.6591 : 3284
54.6303, 48.2725, 21.9904 : 3285
54.6416, 50.1294, 20.5343 : 3286
54.6743, 78.6161, 49.5112 : 3287
54.6777, 49.7951, 20.3507 : 3288
54.6899, 48.4143, 54.5277 : 3289
54.7118, 79.645, 48.4204 : 3290
54.7143, 17.2897, 51.6286 : 3291
54.7218, 50.6822, 20.5209 : 3292
54.7307, 50.2795, 82.5836 : 3293
54.732, 49.8961, 52.691 : 3294
54.7602, 50.4138, 45.0428 : 3295
54.7625, 46.8503, 54.0338 : 3296
54.7626, 52.1623, 50.298 : 3297
54.8581, 78.2567, 53.0282 : 3298
54.8763, 25.6832, 50.3646 : 3299
54.881, 25.7825, 50.3726 : 3300
54.8872, 75.026, 43.7562 : 3301
54.9243, 45.9498, 20.2704 : 3302
54.9251, 51.1534, 55.0035 : 3303
54.9254, 43.2572, 50.9813 : 3304
54.9265, 47.5441, 77.6836 : 3305
54.9434, 44.0476, 17.6802 : 3306
55.0031, 19.6045, 52.4953 : 3307
55.0083, 80.5855, 52.9599 : 3308
55.0143, 48.9733, 52.8397 : 3309
55.0412, 83.6564, 47.5004 : 3310
55.0433, 23.2389, 55.9209 : 3311
55.0735, 48.3713, 47.0714 : 3312
55.1078, 47.6232, 74.5432 : 3313
55.122, 46.878, 80.861 : 3314
55.1311, 52.0762, 17.4012 : 3315
55.17, 50.0895, 49.9616 : 3316
55.1826, 48.9487, 46.4056 : 3317
55.187, 44.5504, 76.8748 : 3318
55.1981, 15.3848, 43.6867 : 3319
55.2201, 74.7155, 53.6036 : 3320
55.2237, 24.4001, 55.9802 : 3321
55.2308, 77.3434, 47.2161 : 3322
55.2515, 46.1715, 54.0813 : 3323
55.2854, 50.6281, 84.5553 : 3324
55.2881, 44.8575, 47.9989 : 3325
55.3073, 86.745, 52.4858 : 3326
55.3563, 45.3806, 53.8284 : 3327
55.3645, 79.2169, 53.9179 : 3328
55.3747, 18.2357, 49.0823 : 3329
55.3832, 50.1782, 48.8402 : 3330
55.3968, 53.39, 49.9095 : 3331
55.4005, 44.0031, 20.5209 : 3332
55.4506, 20.5953, 50.5619 : 3333
55.4593, 21.1788, 52.6596 : 3334
55.4892, 48.3988, 15.3516 : 3335
55.5333, 78.3456, 49.4934 : 3336
55.5579, 52.0392, 79.1284 : 3337
55.5747, 53.4156, 51.2473 : 3338
55.5954, 52.0134, 20.5106 : 3339
55.6099, 48.3856, 49.7722 : 3340
55.7265, 22.7936, 50.1983 : 3341
55.7444, 80.076, 54.3969 : 3342
55.789, 74.697, 45.7273 : 3343
55.8057, 49.6912, 83.5719 : 3344
55.8353, 50.6036, 54.404 : 3345
55.8646, 49.0146, 51.0559 : 3346
55.9592, 80.2295, 56.1863 : 3347
55.9989, 48.5679, 25.842 : 3348
56.0127, 45.5127, 81.113 : 3349
56.0311, 20.7036, 51.0908 : 3350
56.0684, 50.3155, 77.4592 : 3351
56.0908, 78.8066, 50.3574 : 3352
56.1275, 78.5974, 57.869 : 3353
56.1329, 21.8737, 46.7581 : 3354
56.2552, 48.0697, 55.6177 : 3355
56.295, 49.431, 49.5876 : 3356
56.3024, 19.2198, 49.6597 : 3357
56.306, 50.6496, 52.2236 : 3358
56.3199, 47.281, 79.0479 : 3359
56.3691, 53.1976, 76.5382 : 3360
56.3794, 49.9328, 24.8979 : 3361
56.4144, 84.7292, 50.0122 : 3362
56.428, 54.8092, 21.3819 : 3363
56.446, 17.9805, 48.455 : 3364
56.5115, 16.3635, 47.4611 : 3365
56.5362, 51.1571, 54.7295 : 3366
56.5507, 49.838, 84.8945 : 3367
56.6036, 52.5312, 78.4711 : 3368
56.6313, 82.4714, 50.0649 : 3369
56.6318, 21.933, 47.1506 : 3370
56.6973, 19.2377, 48.6454 : 3371
56.7454, 54.1075, 82.8332 : 3372
56.786, 80.5819, 50.43 : 3373
56.807, 81.2576, 49.6626 : 3374
56.8551, 51.2845, 77.785 : 3375
56.8678, 78.1364, 51.597 : 3376
56.8934, 51.4086, 50.0973 : 3377
56.977, 52.736, 21.2779 : 3378
57.0152, 54.2839, 20.3234 : 3379
57.0515, 24.8009, 51.2531 : 3380
57.1543, 54.2513, 82.7398 : 3381
57.1671, 45.4984, 80.606 : 3382
57.2769, 79.2607, 47.4499 : 3383
57.4694, 49.4759, 81.1749 : 3384
57.5264, 53.3344, 21.2598 : 3385
57.5479, 14.5135, 54.159 : 3386
57.578, 87.5499, 59.4436 : 3387
57.5797, 21.4511, 50.1341 : 3388
58.0332, 50.3429, 84.2774 : 3389
58.2934, 53.7941, 80.9189 : 3390
58.7449, 42.81, 47.4969 : 3391
58.8469, 51.826, 21.5719 : 3392
58.9749, 79.1169, 49.8261 : 3393
59.0329, 53.7139, 56.0496 : 3394
69.8599, 48.6111, 48.0043 : 3395
71.8929, 54.5659, 49.0573 : 3396
72.2648, 51.5959, 45.9487 : 3397
72.4195, 53.1659, 47.0122 : 3398
72.4444, 50.276, 51.9109 : 3399
72.669, 46.2009, 51.7396 : 3400
73.2213, 45.3926, 51.3909 : 3401
73.4331, 49.6274, 47.0704 : 3402
73.4786, 55.0482, 48.1595 : 3403
73.5235, 51.4007, 51.8435 : 3404
73.6203, 51.8391, 47.5007 : 3405
73.8577, 47.0702, 51.4769 : 3406
74.0457, 48.7227, 48.9283 : 3407
74.223, 58.4003, 49.1425 : 3408
74.3389, 50.6312, 45.4226 : 3409
74.6247, 48.9849, 47.9025 : 3410
74.8478, 50.5265, 48.0462 : 3411
75.026, 51.7353, 49.5748 : 3412
75.045, 49.3644, 47.3397 : 3413
75.0622, 54.3915, 48.9229 : 3414
75.1296, 42.3936, 49.145 : 3415
75.222, 53.2712, 50.7656 : 3416
75.255, 48.2859, 55.4526 : 3417
75.2686, 51.1206, 53.7193 : 3418
75.3346, 45.6741, 51.7473 : 3419
75.4447, 50.7558, 51.5672 : 3420
75.4992, 49.5979, 50.3918 : 3421
75.5339, 50.0253, 47.4989 : 3422
75.6902, 53.474, 48.871 : 3423
75.8209, 49.7922, 47.9114 : 3424
75.8342, 46.0227, 50.8429 : 3425
76.11, 53.6882, 51.1252 : 3426
76.1223, 49.99, 48.4555 : 3427
76.1447, 51.0167, 51.8601 : 3428
76.2508, 49.6229, 48.815 : 3429
76.3865, 48.5322, 51.8201 : 3430
76.4054, 51.1193, 52.1887 : 3431
76.4071, 56.7213, 53.2856 : 3432
76.4426, 48.4699, 51.8861 : 3433
76.4889, 49.917, 47.1892 : 3434
76.5016, 48.5119, 48.3944 : 3435
76.5478, 49.3375, 48.6802 : 3436
76.6025, 53.9428, 56.6918 : 3437
76.6533, 51.8484, 54.2791 : 3438
76.7538, 54.3045, 51.2869 : 3439
76.7915, 51.4929, 49.2739 : 3440
76.8158, 47.6095, 51.2093 : 3441
76.8983, 51.2672, 47.6579 : 3442
76.9013, 52.0024, 53.5038 : 3443
76.9162, 50.8947, 47.4727 : 3444
76.9413, 50.6474, 53.6935 : 3445
77.0141, 53.2615, 49.6337 : 3446
77.0281, 50.1284, 50.5171 : 3447
77.0826, 52.3301, 53.1149 : 3448
77.0836, 51.4108, 55.0227 : 3449
77.0991, 55.0278, 52.6372 : 3450
77.1397, 48.5862, 51.1094 : 3451
77.155, 56.5168, 51.6903 : 3452
77.1744, 44.69, 53.0265 : 3453
77.2005, 52.9602, 52.0087 : 3454
77.2434, 46.7086, 51.0406 : 3455
77.2448, 49.033, 54.8485 : 3456
77.266, 46.7776, 53.9298 : 3457
77.3273, 54.2409, 50.9414 : 3458
77.4058, 48.7859, 49.8301 : 3459
77.4521, 47.3884, 51.4397 : 3460
77.4982, 45.0617, 50.5461 : 3461
77.5128, 54.7941, 54.6464 : 3462
77.5161, 56.4282, 51.2336 : 3463
77.5338, 51.4909, 46.9823 : 3464
77.5772, 47.5145, 56.3309 : 3465
77.5954, 49.5995, 49.1936 : 3466
77.6432, 52.2452, 56.2864 : 3467
77.6799, 51.7051, 48.9787 : 3468
77.6907, 53.8613, 47.5988 : 3469
77.7445, 49.6991, 53.3067 : 3470
77.7619, 45.8084, 52.0656 : 3471
77.8194, 44.9685, 54.1763 : 3472
77.883, 52.4228, 51.9989 : 3473
77.9293, 49.5453, 49.598 : 3474
77.9766, 45.2513, 46.0812 : 3475
77.984, 54.5513, 46.6812 : 3476
77.9924, 49.5394, 49.6717 : 3477
78.0675, 53.5505, 48.1486 : 3478
78.1123, 47.035, 48.6841 : 3479
78.1321, 52.4878, 50.0804 : 3480
78.1679, 52.8467, 52.133 : 3481
78.2186, 53.6378, 45.0064 : 3482
78.2229, 48.1942, 48.6433 : 3483
78.2573, 47.6303, 45.6711 : 3484
78.2588, 49.7165, 52.4154 : 3485
78.2732, 53.424, 42.8735 : 3486
78.3024, 47.8278, 54.7495 : 3487
78.3183, 50.541, 47.5145 : 3488
78.3847, 51.4948, 52.3787 : 3489
78.3967, 51.7069, 52.0105 : 3490
78.4284, 49.3594, 51.0464 : 3491
78.4553, 50.6092, 51.4632 : 3492
78.4766, 52.7122, 48.3525 : 3493
78.4863, 48.8382, 51.2362 : 3494
78.536, 45.6772, 51.352 : 3495
78.5488, 46.2289, 49.5369 : 3496
78.5566, 47.8261, 47.0035 : 3497
78.6089, 54.6419, 49.5374 : 3498
78.6103, 49.8884, 52.4596 : 3499
78.637, 53.9616, 45.2378 : 3500
78.6471, 50.5269, 49.6486 : 3501
78.6474, 47.8417, 50.3038 : 3502
78.6477, 52.8812, 47.9576 : 3503
78.6602, 50.8191, 50.5767 : 3504
78.6695, 50.4813, 48.243 : 3505
78.6876, 44.6796, 49.7283 : 3506
78.6956, 50.2362, 48.7981 : 3507
78.7207, 50.6469, 46.3607 : 3508
78.767, 47.7179, 39.8837 : 3509
78.7844, 48.2877, 46.7951 : 3510
78.8012, 50.9249, 44.9061 : 3511
78.81, 47.7377, 48.2826 : 3512
78.8349, 45.7073, 49.5177 : 3513
78.8411, 50.5238, 43.6385 : 3514
78.8496, 56.0637, 45.901 : 3515
78.8498, 50.0429, 47.7261 : 3516
78.8639, 47.5056, 46.1067 : 3517
78.8895, 49.349, 47.9759 : 3518
78.9257, 50.6035, 48.7639 : 3519
78.9409, 47.8935, 52.9627 : 3520
78.9531, 50.4779, 51.7689 : 3521
78.964, 50.2106, 48.5803 : 3522
79.0467, 51.4674, 46.6778 : 3523
79.051, 47.7885, 45.9804 : 3524
79.1321, 46.1094, 52.6679 : 3525
79.1414, 52.4164, 52.4951 : 3526
79.1418, 50.8605, 46.8662 : 3527
79.1527, 52.1484, 50.3715 : 3528
79.1549, 45.2746, 48.9394 : 3529
79.1711, 50.9867, 46.1297 : 3530
79.2103, 46.7024, 46.9932 : 3531
79.2238, 48.8688, 47.3819 : 3532
79.2343, 47.8877, 48.6351 : 3533
79.2477, 55.2478, 47.8877 : 3534
79.2522, 52.5876, 54.8689 : 3535
79.2524, 54.7296, 47.8107 : 3536
79.3283, 47.8613, 47.7348 : 3537
79.3857, 48.8704, 42.8415 : 3538
79.3913, 55.2867, 48.309 : 3539
79.418, 47.8315, 50.944 : 3540
79.436, 49.4643, 51.4376 : 3541
79.4824, 49.6875, 49.0555 : 3542
79.4905, 46.7936, 46.9052 : 3543
79.5007, 49.3885, 48.7072 : 3544
79.5052, 47.304, 47.7118 : 3545
79.5132, 52.2927, 44.1098 : 3546
79.5295, 54.995, 48.2971 : 3547
79.5314, 49.7604, 45.25 : 3548
79.5361, 53.7258, 52.7006 : 3549
79.5659, 50.826, 45.1516 : 3550
79.624, 52.3522, 52.3785 : 3551
79.6267, 55.3022, 52.9841 : 3552
79.6817, 51.9341, 51.8986 : 3553
79.6872, 48.5865, 49.5266 : 3554
79.6998, 52.7732, 48.2952 : 3555
79.7311, 49.1173, 49.1758 : 3556
79.7446, 54.1961, 48.3404 : 3557
79.7457, 52.8517, 51.7253 : 3558
79.7569, 40.9788, 52.7404 : 3559
79.8296, 50.8418, 48.7843 : 3560
79.8465, 50.9561, 52.6041 : 3561
79.8775, 45.934, 49.6991 : 3562
79.8847, 44.5259, 48.8971 : 3563
79.8973, 45.006, 53.595 : 3564
79.9166, 46.7625, 40.9764 : 3565
79.9311, 54.223, 50.5507 : 3566
79.9538, 51.898, 55.9574 : 3567
79.9624, 46.6131, 49.9128 : 3568
79.9701, 50.7508, 45.3419 : 3569
79.9937, 52.2046, 50.3016 : 3570
79.9943, 46.9938, 57.5207 : 3571
80.0211, 49.5573, 49.9579 : 3572
80.0307, 54.1138, 49.6366 : 3573
80.0315, 50.1187, 48.7592 : 3574
80.0362, 50.171, 49.3271 : 3575
80.0718, 45.9938, 50.0709 : 3576
80.086, 46.0107, 47.3229 : 3577
80.0961, 48.8202, 48.7403 : 3578
80.1046, 50.0081, 49.4567 : 3579
80.1049, 52.4742, 49.4486 : 3580
80.1172, 51.0663, 46.1181 : 3581
80.1475, 50.0657, 49.5966 : 3582
80.1622, 55.6119, 44.385 : 3583
80.1742, 43.5959, 49.5028 : 3584
80.1907, 51.6715, 49.774 : 3585
80.233, 50.8611, 53.9768 : 3586
80.2897, 48.6851, 49.4647 : 3587
80.2931, 50.1914, 51.6088 : 3588
80.2995, 50.7777, 51.3662 : 3589
80.3364, 47.0461, 48.8678 : 3590
80.3396, 52.1127, 46.5354 : 3591
80.3481, 50.1087, 51.5891 : 3592
80.3747, 47.5316, 53.2019 : 3593
80.3881, 52.6043, 50.2352 : 3594
80.4292, 53.1313, 50.7528 : 3595
80.4395, 53.5707, 50.1814 : 3596
80.4686, 51.7896, 50.8428 : 3597
80.4733, 48.6617, 57.9769 : 3598
80.4764, 46.6744, 51.1447 : 3599
80.4867, 50.0254, 47.9615 : 3600
80.5475, 53.1173, 50.6298 : 3601
80.5512, 49.9262, 45.4963 : 3602
80.5603, 53.6963, 53.8295 : 3603
80.5813, 45.1851, 50.8449 : 3604
80.6304, 49.9817, 47.128 : 3605
80.679, 54.6075, 54.0758 : 3606
80.6976, 49.7775, 54.5106 : 3607
80.7341, 58.1828, 45.1743 : 3608
80.7439, 47.8189, 54.8025 : 3609
80.7788, 50.1847, 49.5837 : 3610
80.7997, 52.7957, 50.8286 : 3611
80.821, 52.873, 53.2801 : 3612
80.8262, 44.5951, 46.5306 : 3613
80.8458, 50.104, 45.0164 : 3614
80.8597, 54.109, 47.8643 : 3615
80.8804, 49.1342, 46.6907 : 3616
80.9219, 49.2592, 50.4631 : 3617
80.9534, 50.8041, 49.6202 : 3618
81.0723, 50.1713, 46.3391 : 3619
81.0732, 47.6491, 47.3631 : 3620
81.082, 49.7104, 52.5865 : 3621
81.0862, 51.0002, 53.947 : 3622
81.1414, 52.2938, 47.466 : 3623
81.1669, 45.7262, 53.1598 : 3624
81.1772, 52.5985, 47.4381 : 3625
81.1957, 50.8326, 48.0014 : 3626
81.2139, 52.9551, 56.0432 : 3627
81.2393, 51.0365, 48.6912 : 3628
81.253, 50.3095, 44.7451 : 3629
81.2808, 53.2948, 47.3095 : 3630
81.2962, 47.7617, 49.3268 : 3631
81.3063, 46.4587, 47.9909 : 3632
81.3163, 44.2801, 50.5935 : 3633
81.3423, 52.2334, 46.3338 : 3634
81.3446, 53.3454, 48.2011 : 3635
81.3455, 53.806, 45.1425 : 3636
81.3532, 49.1737, 51.1861 : 3637
81.3544, 54.761, 53.6165 : 3638
81.3765, 49.9818, 41.4519 : 3639
81.4725, 47.7747, 49.6417 : 3640
81.4862, 54.0707, 47.3386 : 3641
81.4945, 48.97, 55.3097 : 3642
81.5135, 54.8677, 47.7834 : 3643
81.5428, 45.5514, 48.724 : 3644
81.5521, 50.6713, 48.4436 : 3645
81.5563, 46.9627, 50.7019 : 3646
81.572, 47.0594, 51.7449 : 3647
81.5962, 49.8983, 45.5144 : 3648
81.6372, 53.1177, 50.4947 : 3649
81.6488, 47.9327, 54.2941 : 3650
81.6695, 48.5313, 46.2453 : 3651
81.6767, 55.7836, 51.5084 : 3652
81.7091, 49.7146, 53.2024 : 3653
81.7307, 49.4663, 49.5525 : 3654
81.731, 51.5891, 46.2943 : 3655
81.7487, 52.5015, 51.0211 : 3656
81.7961, 49.5771, 48.2225 : 3657
81.797, 48.3018, 47.4519 : 3658
81.8038, 50.2113, 49.0366 : 3659
81.8157, 50.4495, 50.1992 : 3660
81.8206, 52.9163, 49.3528 : 3661
81.85, 46.1413, 46.088 : 3662
81.8827, 47.6814, 46.7595 : 3663
81.9088, 48.923, 47.7714 : 3664
81.9695, 45.197, 53.4763 : 3665
82.0123, 50.5425, 47.9972 : 3666
82.0619, 44.618, 51.7452 : 3667
82.0734, 49.595, 48.5282 : 3668
82.1103, 52.0469, 53.647 : 3669
82.142, 50.1641, 47.1245 : 3670
82.1455, 50.8108, 50.7442 : 3671
82.1546, 48.9696, 46.4985 : 3672
82.1695, 46.1788, 46.7767 : 3673
82.1758, 48.6758, 49.3104 : 3674
82.2212, 45.2626, 47.3338 : 3675
82.2426, 52.1893, 50.6771 : 3676
82.274, 52.0518, 51.4456 : 3677
82.2741, 50.3043, 46.8701 : 3678
82.2867, 54.2416, 49.7678 : 3679
82.351, 52.1331, 52.5066 : 3680
82.3662, 46.8368, 51.3895 : 3681
82.3858, 48.9056, 47.5491 : 3682
82.4103, 51.3092, 54.0278 : 3683
82.4729, 45.2228, 53.0189 : 3684
82.4829, 44.2135, 44.7928 : 3685
82.5195, 48.3782, 47.4964 : 3686
82.5291, 49.3321, 51.1565 : 3687
82.5688, 48.5687, 56.0981 : 3688
82.5848, 46.9444, 51.6932 : 3689
82.6852, 48.9115, 48.6599 : 3690
82.6938, 55.315, 46.4791 : 3691
82.71, 44.0125, 48.8733 : 3692
82.7436, 48.5269, 48.2235 : 3693
82.861, 49.7999, 52.9772 : 3694
82.8745, 50.2056, 52.7291 : 3695
82.9983, 52.1802, 52.4593 : 3696
83.005, 53.8921, 50.4559 : 3697
83.0847, 51.4163, 53.2667 : 3698
83.089, 44.9482, 48.4956 : 3699
83.1319, 50.0087, 47.2763 : 3700
83.2099, 51.185, 45.2273 : 3701
83.2257, 49.2843, 51.5868 : 3702
83.2445, 45.6879, 53.4221 : 3703
83.2746, 50.3127, 42.7216 : 3704
83.3198, 52.138, 45.1926 : 3705
83.3633, 54.358, 50.5985 : 3706
83.4089, 49.744, 48.3367 : 3707
83.4138, 49.0099, 47.2697 : 3708
83.4236, 55.8309, 52.7429 : 3709
83.5109, 49.4827, 56.2859 : 3710
83.5359, 53.1344, 54.406 : 3711
83.5829, 46.0133, 47.3843 : 3712
83.6617, 50.6717, 51.9608 : 3713
83.7265, 56.1789, 48.0824 : 3714
83.7385, 48.7744, 50.1765 : 3715
83.7396, 51.6972, 45.4844 : 3716
83.7835, 45.1946, 52.4558 : 3717
83.9521, 48.8139, 52.2895 : 3718
83.9596, 51.6703, 52.0399 : 3719
84.0028, 48.3074, 51.4782 : 3720
84.1027, 49.0964, 52.6648 : 3721
84.1873, 50.952, 50.1797 : 3722
84.1981, 52.113, 50.0684 : 3723
84.2845, 51.5773, 47.8227 : 3724
84.5485, 49.4048, 50.643 : 3725
84.6171, 44.9122, 55.5526 : 3726
84.674, 46.2708, 51.0174 : 3727
84.8032, 54.7749, 48.5299 : 3728
84.8844, 48.2574, 50.2823 : 3729
84.9586, 57.0363, 48.0008 : 3730
84.9918, 54.4212, 48.7181 : 3731
85.0595, 49.3696, 44.8445 : 3732
85.1385, 54.8208, 50.5636 : 3733
85.2961, 50.759, 47.9628 : 3734
85.4578, 47.4374, 55.8773 : 3735
85.6588, 51.4893, 50.1296 : 3736
85.6726, 51.3053, 50.0253 : 3737
85.9062, 47.7067, 54.4417 : 3738
85.908, 44.96, 47.9403 : 3739
86.0421, 47.0263, 51.5119 : 3740
86.0462, 48.1547, 51.6444 : 3741
86.2696, 52.1439, 46.914 : 3742
86.3877, 43.8161, 46.1005 : 3743
86.6231, 48.0726, 50.4104 : 3744
86.849, 47.3799, 49.0689 : 3745
86.8863, 51.9205, 52.0791 : 3746
87.8367, 54.2072, 50.9266 : 3747
88.1094, 49.9712, 49.1456 : 3748
88.2323, 49.1834, 54.676 : 3749
88.4397, 47.2963, 52.2966 : 3750
88.7121, 50.818, 47.9904 : 3751
